Div,Date,HomeTeam,AwayTeam,FTHG,FTAG,FTR,HTHG,HTAG,HTR
E0,15/08/98,Blackburn,Derby,0,0,D,0,0,D
E0,15/08/98,Coventry,Chelsea,2,1,H,2,1,H
E0,15/08/98,Everton,Aston Villa,0,0,D,0,0,D
E0,15/08/98,Manchester United,Leicester,2,2,D,0,1,A
E0,15/08/98,Middlesbrough,Leeds,0,0,D,0,0,D
E0,15/08/98,Newcastle,Charlton,0,0,D,0,0,D
E0,15/08/98,Sheffield Weds,West Ham,0,1,A,0,0,D
E0,15/08/98,Wimbledon,Tottenham Hotspur,3,1,H,0,0,D
E0,16/08/98,Southampton,Liverpool,1,2,A,1,1,D
E0,17/08/98,Arsenal,Nottingham Forest,2,1,H,0,0,D
E0,22/08/98,Charlton,Southampton,5,0,H,1,0,H
E0,22/08/98,Chelsea,Newcastle,1,1,D,1,1,D
E0,22/08/98,Derby,Wimbledon,0,0,D,0,0,D
E0,22/08/98,Leicester,Everton,2,0,H,2,0,H
E0,22/08/98,Liverpool,Arsenal,0,0,D,0,0,D
E0,22/08/98,Nottingham Forest,Coventry,1,0,H,0,0,D
E0,22/08/98,Tottenham Hotspur,Sheffield Weds,0,3,A,0,2,A
E0,22/08/98,West Ham,Manchester United,0,0,D,0,0,D
E0,23/08/98,Aston Villa,Middlesbrough,3,1,H,1,0,H
E0,24/08/98,Leeds,Blackburn,1,0,H,1,0,H
E0,29/08/98,Arsenal,Charlton,0,0,D,0,0,D
E0,29/08/98,Blackburn,Leicester,1,0,H,1,0,H
E0,29/08/98,Coventry,West Ham,0,0,D,0,0,D
E0,29/08/98,Everton,Tottenham Hotspur,0,1,A,0,1,A
E0,29/08/98,Middlesbrough,Derby,1,1,D,0,1,A
E0,29/08/98,Sheffield Weds,Aston Villa,0,1,A,0,1,A
E0,29/08/98,Southampton,Nottingham Forest,1,2,A,0,0,D
E0,29/08/98,Wimbledon,Leeds,1,1,D,0,0,D
E0,30/08/98,Newcastle,Liverpool,1,4,A,1,4,A
E0,08/09/98,Leeds,Southampton,3,0,H,1,0,H
E0,08/09/98,Nottingham Forest,Everton,0,2,A,0,0,D
E0,09/09/98,Aston Villa,Newcastle,1,0,H,0,0,D
E0,09/09/98,Chelsea,Arsenal,0,0,D,0,0,D
E0,09/09/98,Derby,Sheffield Weds,1,0,H,1,0,H
E0,09/09/98,Leicester,Middlesbrough,0,1,A,0,1,A
E0,09/09/98,Liverpool,Coventry,2,0,H,1,0,H
E0,09/09/98,Manchester United,Charlton,4,1,H,2,1,H
E0,09/09/98,Tottenham Hotspur,Blackburn,2,1,H,1,1,D
E0,09/09/98,West Ham,Wimbledon,3,4,A,3,1,H
E0,12/09/98,Aston Villa,Wimbledon,2,0,H,1,0,H
E0,12/09/98,Charlton,Derby,1,2,A,0,1,A
E0,12/09/98,Chelsea,Nottingham Forest,2,1,H,2,0,H
E0,12/09/98,Everton,Leeds,0,0,D,0,0,D
E0,12/09/98,Leicester,Arsenal,1,1,D,1,0,H
E0,12/09/98,Manchester United,Coventry,2,0,H,1,0,H
E0,12/09/98,Newcastle,Southampton,4,0,H,2,0,H
E0,12/09/98,Sheffield Weds,Blackburn,3,0,H,2,0,H
E0,12/09/98,West Ham,Liverpool,2,1,H,1,0,H
E0,13/09/98,Tottenham Hotspur,Middlesbrough,0,3,A,0,2,A
E0,19/09/98,Coventry,Newcastle,1,5,A,1,3,A
E0,19/09/98,Derby,Leicester,2,0,H,1,0,H
E0,19/09/98,Leeds,Aston Villa,0,0,D,0,0,D
E0,19/09/98,Liverpool,Charlton,3,3,D,1,1,D
E0,19/09/98,Middlesbrough,Everton,2,2,D,2,0,H
E0,19/09/98,Nottingham Forest,West Ham,0,0,D,0,0,D
E0,19/09/98,Southampton,Tottenham Hotspur,1,1,D,0,1,A
E0,19/09/98,Wimbledon,Sheffield Weds,2,1,H,1,0,H
E0,20/09/98,Arsenal,Manchester United,3,0,H,2,0,H
E0,21/09/98,Blackburn,Chelsea,3,4,A,1,1,D
E0,24/09/98,Manchester United,Liverpool,2,0,H,1,0,H
E0,26/09/98,Aston Villa,Derby,1,0,H,1,0,H
E0,26/09/98,Charlton,Coventry,1,1,D,0,0,D
E0,26/09/98,Chelsea,Middlesbrough,2,0,H,0,0,D
E0,26/09/98,Everton,Blackburn,0,0,D,0,0,D
E0,26/09/98,Newcastle,Nottingham Forest,2,0,H,1,0,H
E0,26/09/98,Sheffield Weds,Arsenal,1,0,H,0,0,D
E0,26/09/98,Tottenham Hotspur,Leeds,3,3,D,1,2,A
E0,27/09/98,Leicester,Wimbledon,1,1,D,0,0,D
E0,28/09/98,West Ham,Southampton,1,0,H,0,0,D
E0,03/10/98,Blackburn,West Ham,3,0,H,1,0,H
E0,03/10/98,Coventry,Aston Villa,1,2,A,0,2,A
E0,03/10/98,Derby,Tottenham Hotspur,0,1,A,0,0,D
E0,03/10/98,Leeds,Leicester,0,1,A,0,0,D
E0,03/10/98,Middlesbrough,Sheffield Weds,4,0,H,2,0,H
E0,03/10/98,Nottingham Forest,Charlton,0,1,A,0,1,A
E0,03/10/98,Southampton,Manchester United,0,3,A,0,1,A
E0,03/10/98,Wimbledon,Everton,1,2,A,1,1,D
E0,04/10/98,Arsenal,Newcastle,3,0,H,2,0,H
E0,04/10/98,Liverpool,Chelsea,1,1,D,0,1,A
E0,17/10/98,Arsenal,Southampton,1,1,D,1,0,H
E0,17/10/98,Chelsea,Charlton,2,1,H,1,0,H
E0,17/10/98,Everton,Liverpool,0,0,D,0,0,D
E0,17/10/98,Manchester United,Wimbledon,5,1,H,2,1,H
E0,17/10/98,Middlesbrough,Blackburn,2,1,H,0,0,D
E0,17/10/98,Newcastle,Derby,2,1,H,2,0,H
E0,17/10/98,Nottingham Forest,Leeds,1,1,D,0,0,D
E0,17/10/98,West Ham,Aston Villa,0,0,D,0,0,D
E0,18/10/98,Coventry,Sheffield Weds,1,0,H,0,0,D
E0,19/10/98,Leicester,Tottenham Hotspur,2,1,H,1,1,D
E0,24/10/98,Aston Villa,Leicester,1,1,D,0,1,A
E0,24/10/98,Charlton,West Ham,4,2,H,1,2,A
E0,24/10/98,Derby,Manchester United,1,1,D,0,0,D
E0,24/10/98,Liverpool,Nottingham Forest,5,1,H,3,1,H
E0,24/10/98,Sheffield Weds,Everton,0,0,D,0,0,D
E0,24/10/98,Southampton,Coventry,2,1,H,2,0,H
E0,24/10/98,Tottenham Hotspur,Newcastle,2,0,H,1,0,H
E0,24/10/98,Wimbledon,Middlesbrough,2,2,D,1,2,A
E0,25/10/98,Blackburn,Arsenal,1,2,A,0,2,A
E0,25/10/98,Leeds,Chelsea,0,0,D,0,0,D
E0,31/10/98,Coventry,Arsenal,0,1,A,0,0,D
E0,31/10/98,Derby,Leeds,2,2,D,1,2,A
E0,31/10/98,Everton,Manchester United,1,4,A,1,2,A
E0,31/10/98,Leicester,Liverpool,1,0,H,0,0,D
E0,31/10/98,Newcastle,West Ham,0,3,A,0,0,D
E0,31/10/98,Sheffield Weds,Southampton,0,0,D,0,0,D
E0,31/10/98,Wimbledon,Blackburn,1,1,D,0,0,D
E0,01/11/98,Middlesbrough,Nottingham Forest,1,1,D,1,0,H
E0,02/11/98,Tottenham Hotspur,Charlton,2,2,D,0,1,A
E0,07/11/98,Aston Villa,Tottenham Hotspur,3,2,H,2,0,H
E0,07/11/98,Blackburn,Coventry,1,2,A,0,0,D
E0,07/11/98,Charlton,Leicester,0,0,D,0,0,D
E0,07/11/98,Liverpool,Derby,1,2,A,0,2,A
E0,07/11/98,Nottingham Forest,Wimbledon,0,1,A,0,1,A
E0,07/11/98,Southampton,Middlesbrough,3,3,D,0,0,D
E0,08/11/98,Arsenal,Everton,1,0,H,1,0,H
E0,08/11/98,Leeds,Sheffield Weds,2,1,H,1,1,D
E0,08/11/98,Manchester United,Newcastle,0,0,D,0,0,D
E0,08/11/98,West Ham,Chelsea,1,1,D,1,0,H
E0,14/11/98,Arsenal,Tottenham Hotspur,0,0,D,0,0,D
E0,14/11/98,Charlton,Middlesbrough,1,1,D,1,0,H
E0,14/11/98,Chelsea,Wimbledon,3,0,H,1,0,H
E0,14/11/98,Liverpool,Leeds,1,3,A,0,0,D
E0,14/11/98,Manchester United,Blackburn,3,2,H,2,0,H
E0,14/11/98,Newcastle,Sheffield Weds,1,1,D,1,0,H
E0,14/11/98,Southampton,Aston Villa,1,4,A,0,1,A
E0,14/11/98,West Ham,Leicester,3,2,H,1,1,D
E0,15/11/98,Coventry,Everton,3,0,H,1,0,H
E0,16/11/98,Nottingham Forest,Derby,2,2,D,0,0,D
E0,21/11/98,Aston Villa,Liverpool,2,4,A,0,2,A
E0,21/11/98,Blackburn,Southampton,0,2,A,0,1,A
E0,21/11/98,Leeds,Charlton,4,1,H,1,0,H
E0,21/11/98,Leicester,Chelsea,2,4,A,1,2,A
E0,21/11/98,Middlesbrough,Coventry,2,0,H,0,0,D
E0,21/11/98,Sheffield Weds,Manchester United,3,1,H,1,1,D
E0,21/11/98,Tottenham Hotspur,Nottingham Forest,2,0,H,0,0,D
E0,21/11/98,Wimbledon,Arsenal,1,0,H,0,0,D
E0,22/11/98,Derby,West Ham,0,2,A,0,1,A
E0,23/11/98,Everton,Newcastle,1,0,H,1,0,H
E0,28/11/98,Charlton,Everton,1,2,A,0,1,A
E0,28/11/98,Chelsea,Sheffield Weds,1,1,D,1,0,H
E0,28/11/98,Coventry,Leicester,1,1,D,0,0,D
E0,28/11/98,Newcastle,Wimbledon,3,1,H,1,1,D
E0,28/11/98,Nottingham Forest,Aston Villa,2,2,D,2,0,H
E0,28/11/98,Southampton,Derby,0,1,A,0,1,A
E0,28/11/98,West Ham,Tottenham Hotspur,2,1,H,1,0,H
E0,29/11/98,Arsenal,Middlesbrough,1,1,D,0,1,A
E0,29/11/98,Liverpool,Blackburn,2,0,H,2,0,H
E0,29/11/98,Manchester United,Leeds,3,2,H,1,1,D
E0,05/12/98,Aston Villa,Manchester United,1,1,D,0,0,D
E0,05/12/98,Blackburn,Charlton,1,0,H,0,0,D
E0,05/12/98,Derby,Arsenal,0,0,D,0,0,D
E0,05/12/98,Everton,Chelsea,0,0,D,0,0,D
E0,05/12/98,Leeds,West Ham,4,0,H,1,0,H
E0,05/12/98,Leicester,Southampton,2,0,H,0,0,D
E0,05/12/98,Tottenham Hotspur,Liverpool,2,1,H,1,0,H
E0,05/12/98,Wimbledon,Coventry,2,1,H,0,0,D
E0,06/12/98,Middlesbrough,Newcastle,2,2,D,1,1,D
E0,07/12/98,Sheffield Weds,Nottingham Forest,3,2,H,1,0,H
E0,09/12/98,Chelsea,Aston Villa,2,1,H,1,1,D
E0,12/12/98,Blackburn,Newcastle,0,0,D,0,0,D
E0,12/12/98,Derby,Chelsea,2,2,D,1,0,H
E0,12/12/98,Everton,Southampton,1,0,H,1,0,H
E0,12/12/98,Leicester,Nottingham Forest,3,1,H,1,1,D
E0,12/12/98,Middlesbrough,West Ham,1,0,H,1,0,H
E0,12/12/98,Sheffield Weds,Charlton,3,0,H,1,0,H
E0,12/12/98,Tottenham Hotspur,Manchester United,2,2,D,0,2,A
E0,13/12/98,Aston Villa,Arsenal,3,2,H,0,2,A
E0,13/12/98,Wimbledon,Liverpool,1,0,H,0,0,D
E0,14/12/98,Leeds,Coventry,2,0,H,1,0,H
E0,16/12/98,Manchester United,Chelsea,1,1,D,1,0,H
E0,19/12/98,Chelsea,Tottenham Hotspur,2,0,H,0,0,D
E0,19/12/98,Coventry,Derby,1,1,D,1,0,H
E0,19/12/98,Liverpool,Sheffield Weds,2,0,H,2,0,H
E0,19/12/98,Manchester United,Middlesbrough,2,3,A,0,2,A
E0,19/12/98,Newcastle,Leicester,1,0,H,0,0,D
E0,19/12/98,Nottingham Forest,Blackburn,2,2,D,2,0,H
E0,19/12/98,Southampton,Wimbledon,3,1,H,1,0,H
E0,19/12/98,West Ham,Everton,2,1,H,1,0,H
E0,20/12/98,Arsenal,Leeds,3,1,H,1,0,H
E0,21/12/98,Charlton,Aston Villa,0,1,A,0,1,A
E0,26/12/98,Arsenal,West Ham,1,0,H,1,0,H
E0,26/12/98,Blackburn,Aston Villa,2,1,H,1,0,H
E0,26/12/98,Coventry,Tottenham Hotspur,1,1,D,0,1,A
E0,26/12/98,Everton,Derby,0,0,D,0,0,D
E0,26/12/98,Manchester United,Nottingham Forest,3,0,H,1,0,H
E0,26/12/98,Middlesbrough,Liverpool,1,3,A,1,2,A
E0,26/12/98,Newcastle,Leeds,0,3,A,0,1,A
E0,26/12/98,Sheffield Weds,Leicester,0,1,A,0,1,A
E0,26/12/98,Southampton,Chelsea,0,2,A,0,1,A
E0,26/12/98,Wimbledon,Charlton,2,1,H,1,1,D
E0,28/12/98,Aston Villa,Sheffield Weds,2,1,H,1,1,D
E0,28/12/98,Charlton,Arsenal,0,1,A,0,0,D
E0,28/12/98,Derby,Middlesbrough,2,1,H,1,0,H
E0,28/12/98,Leicester,Blackburn,1,1,D,1,1,D
E0,28/12/98,Liverpool,Newcastle,4,2,H,0,1,A
E0,28/12/98,Nottingham Forest,Southampton,1,1,D,0,0,D
E0,28/12/98,Tottenham Hotspur,Everton,4,1,H,1,1,D
E0,28/12/98,West Ham,Coventry,2,0,H,1,0,H
E0,29/12/98,Chelsea,Manchester United,0,0,D,0,0,D
E0,29/12/98,Leeds,Wimbledon,2,2,D,1,1,D
E0,09/01/99,Arsenal,Liverpool,0,0,D,0,0,D
E0,09/01/99,Blackburn,Leeds,1,0,H,1,0,H
E0,09/01/99,Coventry,Nottingham Forest,4,0,H,1,0,H
E0,09/01/99,Everton,Leicester,0,0,D,0,0,D
E0,09/01/99,Middlesbrough,Aston Villa,0,0,D,0,0,D
E0,09/01/99,Newcastle,Chelsea,0,1,A,0,1,A
E0,09/01/99,Sheffield Weds,Tottenham Hotspur,0,0,D,0,0,D
E0,09/01/99,Southampton,Charlton,3,1,H,1,1,D
E0,09/01/99,Wimbledon,Derby,2,1,H,1,0,H
E0,10/01/99,Manchester United,West Ham,4,1,H,2,0,H
E0,16/01/99,Chelsea,Coventry,2,1,H,1,1,D
E0,16/01/99,Derby,Blackburn,1,0,H,0,0,D
E0,16/01/99,Leeds,Middlesbrough,2,0,H,2,0,H
E0,16/01/99,Leicester,Manchester United,2,6,A,1,1,D
E0,16/01/99,Liverpool,Southampton,7,1,H,3,0,H
E0,16/01/99,Nottingham Forest,Arsenal,0,1,A,0,1,A
E0,16/01/99,Tottenham Hotspur,Wimbledon,0,0,D,0,0,D
E0,16/01/99,West Ham,Sheffield Weds,0,4,A,0,2,A
E0,17/01/99,Charlton,Newcastle,2,2,D,0,1,A
E0,18/01/99,Aston Villa,Everton,3,0,H,1,0,H
E0,30/01/99,Blackburn,Tottenham Hotspur,1,1,D,1,0,H
E0,30/01/99,Coventry,Liverpool,2,1,H,0,0,D
E0,30/01/99,Everton,Nottingham Forest,0,1,A,0,0,D
E0,30/01/99,Middlesbrough,Leicester,0,0,D,0,0,D
E0,30/01/99,Newcastle,Aston Villa,2,1,H,2,0,H
E0,30/01/99,Sheffield Weds,Derby,0,1,A,0,0,D
E0,30/01/99,Southampton,Leeds,3,0,H,1,0,H
E0,30/01/99,Wimbledon,West Ham,0,0,D,0,0,D
E0,31/01/99,Arsenal,Chelsea,1,0,H,1,0,H
E0,31/01/99,Charlton,Manchester United,0,1,A,0,0,D
E0,02/02/99,Manchester United,Derby,1,0,H,0,0,D
E0,06/02/99,Aston Villa,Blackburn,1,3,A,0,1,A
E0,06/02/99,Chelsea,Southampton,1,0,H,1,0,H
E0,06/02/99,Leeds,Newcastle,0,1,A,0,0,D
E0,06/02/99,Leicester,Sheffield Weds,0,2,A,0,0,D
E0,06/02/99,Liverpool,Middlesbrough,3,1,H,3,0,H
E0,06/02/99,Nottingham Forest,Manchester United,1,8,A,1,2,A
E0,06/02/99,Tottenham Hotspur,Coventry,0,0,D,0,0,D
E0,06/02/99,West Ham,Arsenal,0,4,A,0,2,A
E0,07/02/99,Derby,Everton,2,1,H,0,1,A
E0,08/02/99,Charlton,Wimbledon,2,0,H,1,0,H
E0,13/02/99,Charlton,Liverpool,1,0,H,0,0,D
E0,13/02/99,West Ham,Nottingham Forest,2,1,H,2,0,H
E0,17/02/99,Aston Villa,Leeds,1,2,A,0,2,A
E0,17/02/99,Chelsea,Blackburn,1,1,D,1,0,H
E0,17/02/99,Everton,Middlesbrough,5,0,H,2,0,H
E0,17/02/99,Manchester United,Arsenal,1,1,D,0,0,D
E0,17/02/99,Newcastle,Coventry,4,1,H,1,1,D
E0,20/02/99,Arsenal,Leicester,5,0,H,4,0,H
E0,20/02/99,Blackburn,Sheffield Weds,1,4,A,0,3,A
E0,20/02/99,Coventry,Manchester United,0,1,A,0,0,D
E0,20/02/99,Derby,Charlton,0,2,A,0,0,D
E0,20/02/99,Leeds,Everton,1,0,H,0,0,D
E0,20/02/99,Liverpool,West Ham,2,2,D,2,1,H
E0,20/02/99,Middlesbrough,Tottenham Hotspur,0,0,D,0,0,D
E0,20/02/99,Nottingham Forest,Chelsea,1,3,A,1,2,A
E0,20/02/99,Southampton,Newcastle,2,1,H,2,0,H
E0,21/02/99,Wimbledon,Aston Villa,0,0,D,0,0,D
E0,27/02/99,Aston Villa,Coventry,1,4,A,0,1,A
E0,27/02/99,Charlton,Nottingham Forest,0,0,D,0,0,D
E0,27/02/99,Chelsea,Liverpool,2,1,H,2,0,H
E0,27/02/99,Everton,Wimbledon,1,1,D,0,1,A
E0,27/02/99,Manchester United,Southampton,2,1,H,0,0,D
E0,27/02/99,Sheffield Weds,Middlesbrough,3,1,H,1,0,H
E0,27/02/99,Tottenham Hotspur,Derby,1,1,D,0,0,D
E0,27/02/99,West Ham,Blackburn,2,0,H,2,0,H
E0,28/02/99,Newcastle,Arsenal,1,1,D,0,1,A
E0,01/03/99,Leicester,Leeds,1,2,A,0,1,A
E0,02/03/99,Tottenham Hotspur,Southampton,3,0,H,1,0,H
E0,03/03/99,Sheffield Weds,Wimbledon,1,2,A,0,2,A
E0,06/03/99,Coventry,Charlton,2,1,H,0,0,D
E0,06/03/99,Southampton,West Ham,1,0,H,1,0,H
E0,06/03/99,Wimbledon,Leicester,0,1,A,0,1,A
E0,09/03/99,Arsenal,Sheffield Weds,3,0,H,0,0,D
E0,10/03/99,Blackburn,Everton,1,2,A,1,1,D
E0,10/03/99,Derby,Aston Villa,2,1,H,2,1,H
E0,10/03/99,Leeds,Tottenham Hotspur,2,0,H,1,0,H
E0,10/03/99,Nottingham Forest,Newcastle,1,2,A,1,1,D
E0,13/03/99,Chelsea,West Ham,0,1,A,0,0,D
E0,13/03/99,Coventry,Blackburn,1,1,D,1,0,H
E0,13/03/99,Derby,Liverpool,3,2,H,2,1,H
E0,13/03/99,Everton,Arsenal,0,2,A,0,1,A
E0,13/03/99,Leicester,Charlton,1,1,D,0,0,D
E0,13/03/99,Newcastle,Manchester United,1,2,A,1,1,D
E0,13/03/99,Sheffield Weds,Leeds,0,2,A,0,1,A
E0,13/03/99,Tottenham Hotspur,Aston Villa,1,0,H,0,0,D
E0,13/03/99,Wimbledon,Nottingham Forest,1,3,A,0,1,A
E0,14/03/99,Middlesbrough,Southampton,3,0,H,2,0,H
E0,20/03/99,Arsenal,Coventry,2,0,H,1,0,H
E0,20/03/99,Blackburn,Wimbledon,3,1,H,3,0,H
E0,20/03/99,Leeds,Derby,4,1,H,3,1,H
E0,20/03/99,Nottingham Forest,Middlesbrough,1,2,A,1,1,D
E0,20/03/99,Southampton,Sheffield Weds,1,0,H,1,0,H
E0,20/03/99,West Ham,Newcastle,2,0,H,1,0,H
E0,21/03/99,Aston Villa,Chelsea,0,3,A,0,0,D
E0,21/03/99,Manchester United,Everton,3,1,H,0,0,D
E0,02/04/99,Aston Villa,West Ham,0,0,D,0,0,D
E0,03/04/99,Blackburn,Middlesbrough,0,0,D,0,0,D
E0,03/04/99,Charlton,Chelsea,0,1,A,0,1,A
E0,03/04/99,Derby,Newcastle,3,4,A,2,3,A
E0,03/04/99,Leeds,Nottingham Forest,3,1,H,1,0,H
E0,03/04/99,Liverpool,Everton,3,2,H,2,1,H
E0,03/04/99,Sheffield Weds,Coventry,1,2,A,0,1,A
E0,03/04/99,Southampton,Arsenal,0,0,D,0,0,D
E0,03/04/99,Tottenham Hotspur,Leicester,0,2,A,0,1,A
E0,03/04/99,Wimbledon,Manchester United,1,1,D,1,1,D
E0,05/04/99,Coventry,Southampton,1,0,H,0,0,D
E0,05/04/99,Everton,Sheffield Weds,1,2,A,1,0,H
E0,05/04/99,Middlesbrough,Wimbledon,3,1,H,3,0,H
E0,05/04/99,Newcastle,Tottenham Hotspur,1,1,D,0,0,D
E0,05/04/99,Nottingham Forest,Liverpool,2,2,D,0,1,A
E0,05/04/99,West Ham,Charlton,0,1,A,0,0,D
E0,06/04/99,Arsenal,Blackburn,1,0,H,1,0,H
E0,06/04/99,Leicester,Aston Villa,2,2,D,0,1,A
E0,10/04/99,Aston Villa,Southampton,3,0,H,1,0,H
E0,10/04/99,Derby,Nottingham Forest,1,0,H,0,0,D
E0,10/04/99,Leicester,West Ham,0,0,D,0,0,D
E0,10/04/99,Middlesbrough,Charlton,2,0,H,1,0,H
E0,11/04/99,Everton,Coventry,2,0,H,1,0,H
E0,11/04/99,Wimbledon,Chelsea,1,2,A,0,1,A
E0,12/04/99,Leeds,Liverpool,0,0,D,0,0,D
E0,14/04/99,Middlesbrough,Chelsea,0,0,D,0,0,D
E0,17/04/99,Charlton,Leeds,1,1,D,1,1,D
E0,17/04/99,Coventry,Middlesbrough,1,2,A,0,0,D
E0,17/04/99,Liverpool,Aston Villa,0,1,A,0,1,A
E0,17/04/99,Manchester United,Sheffield Weds,3,0,H,2,0,H
E0,17/04/99,Newcastle,Everton,1,3,A,0,2,A
E0,17/04/99,Nottingham Forest,Tottenham Hotspur,0,1,A,0,0,D
E0,17/04/99,Southampton,Blackburn,3,3,D,1,2,A
E0,17/04/99,West Ham,Derby,5,1,H,2,0,H
E0,18/04/99,Chelsea,Leicester,2,2,D,1,0,H
E0,19/04/99,Arsenal,Wimbledon,5,1,H,1,0,H
E0,20/04/99,Charlton,Tottenham Hotspur,1,4,A,1,0,H
E0,21/04/99,Liverpool,Leicester,0,1,A,0,0,D
E0,21/04/99,Sheffield Weds,Newcastle,1,1,D,0,1,A
E0,24/04/99,Aston Villa,Nottingham Forest,2,0,H,1,0,H
E0,24/04/99,Blackburn,Liverpool,1,3,A,0,3,A
E0,24/04/99,Derby,Southampton,0,0,D,0,0,D
E0,24/04/99,Everton,Charlton,4,1,H,2,0,H
E0,24/04/99,Leicester,Coventry,1,0,H,1,0,H
E0,24/04/99,Middlesbrough,Arsenal,1,6,A,0,3,A
E0,24/04/99,Tottenham Hotspur,West Ham,1,2,A,0,1,A
E0,24/04/99,Wimbledon,Newcastle,1,1,D,1,1,D
E0,25/04/99,Leeds,Manchester United,1,1,D,1,0,H
E0,25/04/99,Sheffield Weds,Chelsea,0,0,D,0,0,D
E0,01/05/99,Charlton,Blackburn,0,0,D,0,0,D
E0,01/05/99,Chelsea,Everton,3,1,H,1,0,H
E0,01/05/99,Coventry,Wimbledon,2,1,H,2,0,H
E0,01/05/99,Liverpool,Tottenham Hotspur,3,2,H,0,2,A
E0,01/05/99,Manchester United,Aston Villa,2,1,H,1,1,D
E0,01/05/99,Newcastle,Middlesbrough,1,1,D,0,0,D
E0,01/05/99,Nottingham Forest,Sheffield Weds,2,0,H,2,0,H
E0,01/05/99,Southampton,Leicester,2,1,H,1,1,D
E0,01/05/99,West Ham,Leeds,1,5,A,0,2,A
E0,02/05/99,Arsenal,Derby,1,0,H,1,0,H
E0,05/05/99,Chelsea,Leeds,1,0,H,0,0,D
E0,05/05/99,Leicester,Derby,1,2,A,1,1,D
E0,05/05/99,Liverpool,Manchester United,2,2,D,0,1,A
E0,05/05/99,Tottenham Hotspur,Arsenal,1,3,A,1,2,A
E0,08/05/99,Aston Villa,Charlton,3,4,A,1,1,D
E0,08/05/99,Blackburn,Nottingham Forest,1,2,A,1,1,D
E0,08/05/99,Derby,Coventry,0,0,D,0,0,D
E0,08/05/99,Everton,West Ham,6,0,H,3,0,H
E0,08/05/99,Leicester,Newcastle,2,0,H,2,0,H
E0,08/05/99,Sheffield Weds,Liverpool,1,0,H,0,0,D
E0,08/05/99,Wimbledon,Southampton,0,2,A,0,0,D
E0,09/05/99,Middlesbrough,Manchester United,0,1,A,0,1,A
E0,10/05/99,Tottenham Hotspur,Chelsea,2,2,D,1,1,D
E0,11/05/99,Leeds,Arsenal,1,0,H,0,0,D
E0,12/05/99,Blackburn,Manchester United,0,0,D,0,0,D
E0,16/05/99,Arsenal,Aston Villa,1,0,H,0,0,D
E0,16/05/99,Charlton,Sheffield Weds,0,1,A,0,0,D
E0,16/05/99,Chelsea,Derby,2,1,H,1,0,H
E0,16/05/99,Coventry,Leeds,2,2,D,0,1,A
E0,16/05/99,Liverpool,Wimbledon,3,0,H,1,0,H
E0,16/05/99,Manchester United,Tottenham Hotspur,2,1,H,1,1,D
E0,16/05/99,Newcastle,Blackburn,1,1,D,0,1,A
E0,16/05/99,Nottingham Forest,Leicester,1,0,H,0,0,D
E0,16/05/99,Southampton,Everton,2,0,H,1,0,H
E0,16/05/99,West Ham,Middlesbrough,4,0,H,2,0,H
