Div,Date,HomeTeam,AwayTeam,FTHG,FTAG,FTR,HTHG,HTAG,HTR
E0,17/08/96,Arsenal,West Ham,2,0,H,2,0,H
E0,17/08/96,Blackburn,Tottenham Hotspur,0,2,A,0,1,A
E0,17/08/96,Coventry,Nottingham Forest,0,3,A,0,2,A
E0,17/08/96,Derby,Leeds,3,3,D,0,1,A
E0,17/08/96,Everton,Newcastle,2,0,H,2,0,H
E0,17/08/96,Middlesbrough,Liverpool,3,3,D,2,2,D
E0,17/08/96,Sheffield Weds,Aston Villa,2,1,H,0,0,D
E0,17/08/96,Sunderland,Leicester,0,0,D,0,0,D
E0,17/08/96,Wimbledon,Manchester United,0,3,A,0,1,A
E0,18/08/96,Southampton,Chelsea,0,0,D,0,0,D
E0,19/08/96,Liverpool,Arsenal,2,0,H,0,0,D
E0,20/08/96,Leeds,Sheffield Weds,0,2,A,0,1,A
E0,21/08/96,Aston Villa,Blackburn,1,0,H,0,0,D
E0,21/08/96,Chelsea,Middlesbrough,1,0,H,0,0,D
E0,21/08/96,Leicester,Southampton,2,1,H,2,0,H
E0,21/08/96,Manchester United,Everton,2,2,D,0,2,A
E0,21/08/96,Newcastle,Wimbledon,2,0,H,1,0,H
E0,21/08/96,Nottingham Forest,Sunderland,1,4,A,1,4,A
E0,21/08/96,Tottenham Hotspur,Derby,1,1,D,1,0,H
E0,21/08/96,West Ham,Coventry,1,1,D,0,1,A
E0,24/08/96,Aston Villa,Derby,2,0,H,1,0,H
E0,24/08/96,Chelsea,Coventry,2,0,H,1,0,H
E0,24/08/96,Leicester,Arsenal,0,2,A,0,1,A
E0,24/08/96,Liverpool,Sunderland,0,0,D,0,0,D
E0,24/08/96,Newcastle,Sheffield Weds,1,2,A,1,1,D
E0,24/08/96,Nottingham Forest,Middlesbrough,1,1,D,0,0,D
E0,24/08/96,Tottenham Hotspur,Everton,0,0,D,0,0,D
E0,24/08/96,West Ham,Southampton,2,1,H,0,1,A
E0,25/08/96,Manchester United,Blackburn,2,2,D,1,1,D
E0,26/08/96,Leeds,Wimbledon,1,0,H,0,0,D
E0,02/09/96,Sheffield Weds,Leicester,2,1,H,1,1,D
E0,04/09/96,Arsenal,Chelsea,3,3,D,1,2,A
E0,04/09/96,Blackburn,Leeds,0,1,A,0,1,A
E0,04/09/96,Coventry,Liverpool,0,1,A,0,0,D
E0,04/09/96,Derby,Manchester United,1,1,D,1,1,D
E0,04/09/96,Everton,Aston Villa,0,1,A,0,0,D
E0,04/09/96,Middlesbrough,West Ham,4,1,H,2,0,H
E0,04/09/96,Southampton,Nottingham Forest,2,2,D,0,2,A
E0,04/09/96,Sunderland,Newcastle,1,2,A,1,0,H
E0,04/09/96,Wimbledon,Tottenham Hotspur,1,0,H,1,0,H
E0,07/09/96,Aston Villa,Arsenal,2,2,D,1,0,H
E0,07/09/96,Leeds,Manchester United,0,4,A,0,1,A
E0,07/09/96,Liverpool,Southampton,2,1,H,1,0,H
E0,07/09/96,Middlesbrough,Coventry,4,0,H,2,0,H
E0,07/09/96,Nottingham Forest,Leicester,0,0,D,0,0,D
E0,07/09/96,Sheffield Weds,Chelsea,0,2,A,0,1,A
E0,07/09/96,Tottenham Hotspur,Newcastle,1,2,A,1,1,D
E0,07/09/96,Wimbledon,Everton,4,0,H,1,0,H
E0,08/09/96,Sunderland,West Ham,0,0,D,0,0,D
E0,09/09/96,Blackburn,Derby,1,2,A,1,1,D
E0,14/09/96,Coventry,Leeds,2,1,H,0,1,A
E0,14/09/96,Derby,Sunderland,1,0,H,0,0,D
E0,14/09/96,Everton,Middlesbrough,1,2,A,1,0,H
E0,14/09/96,Manchester United,Nottingham Forest,4,1,H,2,1,H
E0,14/09/96,Newcastle,Blackburn,2,1,H,1,0,H
E0,14/09/96,Southampton,Tottenham Hotspur,0,1,A,0,0,D
E0,14/09/96,West Ham,Wimbledon,0,2,A,0,0,D
E0,15/09/96,Chelsea,Aston Villa,1,1,D,1,1,D
E0,15/09/96,Leicester,Liverpool,0,3,A,0,0,D
E0,16/09/96,Arsenal,Sheffield Weds,4,1,H,0,1,A
E0,21/09/96,Aston Villa,Manchester United,0,0,D,0,0,D
E0,21/09/96,Blackburn,Everton,1,1,D,1,1,D
E0,21/09/96,Leeds,Newcastle,0,1,A,0,0,D
E0,21/09/96,Liverpool,Chelsea,5,1,H,3,0,H
E0,21/09/96,Middlesbrough,Arsenal,0,2,A,0,2,A
E0,21/09/96,Nottingham Forest,West Ham,0,2,A,0,1,A
E0,21/09/96,Sheffield Weds,Derby,0,0,D,0,0,D
E0,21/09/96,Sunderland,Coventry,1,0,H,0,0,D
E0,22/09/96,Tottenham Hotspur,Leicester,1,2,A,0,1,A
E0,23/09/96,Wimbledon,Southampton,3,1,H,2,0,H
E0,28/09/96,Arsenal,Sunderland,2,0,H,0,0,D
E0,28/09/96,Chelsea,Nottingham Forest,1,1,D,0,0,D
E0,28/09/96,Coventry,Blackburn,0,0,D,0,0,D
E0,28/09/96,Derby,Wimbledon,0,2,A,0,0,D
E0,28/09/96,Everton,Sheffield Weds,2,0,H,1,0,H
E0,28/09/96,Leicester,Leeds,1,0,H,0,0,D
E0,28/09/96,Southampton,Middlesbrough,4,0,H,2,0,H
E0,29/09/96,Manchester United,Tottenham Hotspur,2,0,H,1,0,H
E0,29/09/96,West Ham,Liverpool,1,2,A,1,1,D
E0,30/09/96,Newcastle,Aston Villa,4,3,H,3,1,H
E0,12/10/96,Blackburn,Arsenal,0,2,A,0,1,A
E0,12/10/96,Derby,Newcastle,0,1,A,0,0,D
E0,12/10/96,Everton,West Ham,2,1,H,1,0,H
E0,12/10/96,Leeds,Nottingham Forest,2,0,H,0,0,D
E0,12/10/96,Leicester,Chelsea,1,3,A,1,0,H
E0,12/10/96,Manchester United,Liverpool,1,0,H,1,0,H
E0,12/10/96,Tottenham Hotspur,Aston Villa,1,0,H,0,0,D
E0,12/10/96,Wimbledon,Sheffield Weds,4,2,H,2,1,H
E0,13/10/96,Coventry,Southampton,1,1,D,0,1,A
E0,14/10/96,Sunderland,Middlesbrough,2,2,D,1,1,D
E0,19/10/96,Arsenal,Coventry,0,0,D,0,0,D
E0,19/10/96,Aston Villa,Leeds,2,0,H,0,0,D
E0,19/10/96,Chelsea,Wimbledon,2,4,A,1,2,A
E0,19/10/96,Middlesbrough,Tottenham Hotspur,0,3,A,0,2,A
E0,19/10/96,Nottingham Forest,Derby,1,1,D,1,0,H
E0,19/10/96,Sheffield Weds,Blackburn,1,1,D,1,0,H
E0,19/10/96,Southampton,Sunderland,3,0,H,1,0,H
E0,19/10/96,West Ham,Leicester,1,0,H,0,0,D
E0,20/10/96,Newcastle,Manchester United,5,0,H,2,0,H
E0,26/10/96,Arsenal,Leeds,3,0,H,2,0,H
E0,26/10/96,Chelsea,Tottenham Hotspur,3,1,H,1,1,D
E0,26/10/96,Coventry,Sheffield Weds,0,0,D,0,0,D
E0,26/10/96,Leicester,Newcastle,2,0,H,1,0,H
E0,26/10/96,Middlesbrough,Wimbledon,0,0,D,0,0,D
E0,26/10/96,Southampton,Manchester United,6,3,H,3,1,H
E0,26/10/96,Sunderland,Aston Villa,1,0,H,1,0,H
E0,26/10/96,West Ham,Blackburn,2,1,H,0,1,A
E0,27/10/96,Liverpool,Derby,2,1,H,0,0,D
E0,28/10/96,Nottingham Forest,Everton,0,1,A,0,1,A
E0,02/11/96,Aston Villa,Nottingham Forest,2,0,H,1,0,H
E0,02/11/96,Derby,Leicester,2,0,H,0,0,D
E0,02/11/96,Leeds,Sunderland,3,0,H,1,0,H
E0,02/11/96,Manchester United,Chelsea,1,2,A,0,1,A
E0,02/11/96,Sheffield Weds,Southampton,1,1,D,1,0,H
E0,02/11/96,Tottenham Hotspur,West Ham,1,0,H,0,0,D
E0,02/11/96,Wimbledon,Arsenal,2,2,D,1,1,D
E0,03/11/96,Blackburn,Liverpool,3,0,H,2,0,H
E0,03/11/96,Newcastle,Middlesbrough,3,1,H,1,0,H
E0,04/11/96,Everton,Coventry,1,1,D,1,0,H
E0,16/11/96,Aston Villa,Leicester,1,3,A,1,2,A
E0,16/11/96,Blackburn,Chelsea,1,1,D,0,0,D
E0,16/11/96,Everton,Southampton,7,1,H,5,1,H
E0,16/11/96,Leeds,Liverpool,0,2,A,0,1,A
E0,16/11/96,Manchester United,Arsenal,1,0,H,0,0,D
E0,16/11/96,Newcastle,West Ham,1,1,D,0,1,A
E0,16/11/96,Tottenham Hotspur,Sunderland,2,0,H,1,0,H
E0,16/11/96,Wimbledon,Coventry,2,2,D,1,0,H
E0,17/11/96,Derby,Middlesbrough,2,1,H,1,0,H
E0,18/11/96,Sheffield Weds,Nottingham Forest,2,0,H,0,0,D
E0,20/11/96,Liverpool,Everton,1,1,D,1,0,H
E0,23/11/96,Chelsea,Newcastle,1,1,D,1,1,D
E0,23/11/96,Coventry,Aston Villa,1,2,A,0,1,A
E0,23/11/96,Leicester,Everton,1,2,A,0,1,A
E0,23/11/96,Liverpool,Wimbledon,1,1,D,1,0,H
E0,23/11/96,Middlesbrough,Manchester United,2,2,D,1,1,D
E0,23/11/96,Southampton,Leeds,0,2,A,0,0,D
E0,23/11/96,Sunderland,Sheffield Weds,1,1,D,0,0,D
E0,23/11/96,West Ham,Derby,1,1,D,1,1,D
E0,24/11/96,Arsenal,Tottenham Hotspur,3,1,H,1,0,H
E0,25/11/96,Nottingham Forest,Blackburn,2,2,D,1,0,H
E0,30/11/96,Aston Villa,Middlesbrough,1,0,H,1,0,H
E0,30/11/96,Blackburn,Southampton,2,1,H,1,0,H
E0,30/11/96,Derby,Coventry,2,1,H,1,1,D
E0,30/11/96,Everton,Sunderland,1,3,A,0,0,D
E0,30/11/96,Manchester United,Leicester,3,1,H,0,0,D
E0,30/11/96,Newcastle,Arsenal,1,2,A,1,1,D
E0,30/11/96,Sheffield Weds,West Ham,0,0,D,0,0,D
E0,30/11/96,Wimbledon,Nottingham Forest,1,0,H,1,0,H
E0,01/12/96,Leeds,Chelsea,2,0,H,2,0,H
E0,02/12/96,Tottenham Hotspur,Liverpool,0,2,A,0,1,A
E0,03/12/96,Middlesbrough,Leicester,0,2,A,0,1,A
E0,04/12/96,Arsenal,Southampton,3,1,H,1,0,H
E0,04/12/96,West Ham,Aston Villa,0,2,A,0,1,A
E0,07/12/96,Arsenal,Derby,2,2,D,1,0,H
E0,07/12/96,Chelsea,Everton,2,2,D,1,2,A
E0,07/12/96,Coventry,Tottenham Hotspur,1,2,A,0,1,A
E0,07/12/96,Leicester,Blackburn,1,1,D,0,1,A
E0,07/12/96,Liverpool,Sheffield Weds,0,1,A,0,1,A
E0,07/12/96,Middlesbrough,Leeds,0,0,D,0,0,D
E0,07/12/96,Southampton,Aston Villa,0,1,A,0,1,A
E0,07/12/96,Sunderland,Wimbledon,1,3,A,0,2,A
E0,08/12/96,West Ham,Manchester United,2,2,D,0,0,D
E0,09/12/96,Nottingham Forest,Newcastle,0,0,D,0,0,D
E0,14/12/96,Leeds,Tottenham Hotspur,0,0,D,0,0,D
E0,14/12/96,Liverpool,Middlesbrough,5,1,H,3,0,H
E0,14/12/96,Wimbledon,Blackburn,1,0,H,0,0,D
E0,15/12/96,Sunderland,Chelsea,3,0,H,1,0,H
E0,16/12/96,Derby,Everton,0,1,A,0,0,D
E0,17/12/96,Coventry,Newcastle,2,1,H,2,0,H
E0,17/12/96,Liverpool,Nottingham Forest,4,2,H,2,1,H
E0,18/12/96,Sheffield Weds,Manchester United,1,1,D,0,0,D
E0,21/12/96,Chelsea,West Ham,3,1,H,3,1,H
E0,21/12/96,Everton,Leeds,0,0,D,0,0,D
E0,21/12/96,Leicester,Coventry,0,2,A,0,1,A
E0,21/12/96,Manchester United,Sunderland,5,0,H,2,0,H
E0,21/12/96,Nottingham Forest,Arsenal,2,1,H,0,0,D
E0,21/12/96,Southampton,Derby,3,1,H,2,1,H
E0,21/12/96,Tottenham Hotspur,Sheffield Weds,1,1,D,1,1,D
E0,22/12/96,Aston Villa,Wimbledon,5,0,H,2,0,H
E0,23/12/96,Newcastle,Liverpool,1,1,D,1,1,D
E0,26/12/96,Aston Villa,Chelsea,0,2,A,0,0,D
E0,26/12/96,Blackburn,Newcastle,1,0,H,0,0,D
E0,26/12/96,Leeds,Coventry,1,3,A,1,3,A
E0,26/12/96,Liverpool,Leicester,1,1,D,0,0,D
E0,26/12/96,Middlesbrough,Everton,4,2,H,2,2,D
E0,26/12/96,Nottingham Forest,Manchester United,0,4,A,0,2,A
E0,26/12/96,Sheffield Weds,Arsenal,0,0,D,0,0,D
E0,26/12/96,Sunderland,Derby,2,0,H,0,0,D
E0,26/12/96,Tottenham Hotspur,Southampton,3,1,H,2,1,H
E0,28/12/96,Arsenal,Aston Villa,2,2,D,1,0,H
E0,28/12/96,Chelsea,Sheffield Weds,2,2,D,2,1,H
E0,28/12/96,Coventry,Middlesbrough,3,0,H,1,0,H
E0,28/12/96,Derby,Blackburn,0,0,D,0,0,D
E0,28/12/96,Everton,Wimbledon,1,3,A,1,0,H
E0,28/12/96,Leicester,Nottingham Forest,2,2,D,1,1,D
E0,28/12/96,Manchester United,Leeds,1,0,H,1,0,H
E0,28/12/96,Newcastle,Tottenham Hotspur,7,1,H,2,0,H
E0,28/12/96,West Ham,Sunderland,2,0,H,1,0,H
E0,29/12/96,Southampton,Liverpool,0,1,A,0,0,D
E0,01/01/97,Arsenal,Middlesbrough,2,0,H,2,0,H
E0,01/01/97,Chelsea,Liverpool,1,0,H,1,0,H
E0,01/01/97,Coventry,Sunderland,2,2,D,2,2,D
E0,01/01/97,Everton,Blackburn,0,2,A,0,2,A
E0,01/01/97,Manchester United,Aston Villa,0,0,D,0,0,D
E0,01/01/97,Newcastle,Leeds,3,0,H,1,0,H
E0,01/01/97,West Ham,Nottingham Forest,0,1,A,0,1,A
E0,11/01/97,Aston Villa,Newcastle,2,2,D,1,2,A
E0,11/01/97,Blackburn,Coventry,4,0,H,3,0,H
E0,11/01/97,Leeds,Leicester,3,0,H,2,0,H
E0,11/01/97,Liverpool,West Ham,0,0,D,0,0,D
E0,11/01/97,Middlesbrough,Southampton,0,1,A,0,0,D
E0,11/01/97,Nottingham Forest,Chelsea,2,0,H,1,0,H
E0,11/01/97,Sheffield Weds,Everton,2,1,H,1,0,H
E0,11/01/97,Sunderland,Arsenal,1,0,H,0,0,D
E0,11/01/97,Wimbledon,Derby,1,1,D,0,0,D
E0,12/01/97,Tottenham Hotspur,Manchester United,1,2,A,1,1,D
E0,18/01/97,Chelsea,Derby,3,1,H,2,1,H
E0,18/01/97,Coventry,Manchester United,0,2,A,0,0,D
E0,18/01/97,Leicester,Wimbledon,1,0,H,0,0,D
E0,18/01/97,Liverpool,Aston Villa,3,0,H,0,0,D
E0,18/01/97,Middlesbrough,Sheffield Weds,4,2,H,2,1,H
E0,18/01/97,Southampton,Newcastle,2,2,D,0,1,A
E0,18/01/97,Sunderland,Blackburn,0,0,D,0,0,D
E0,19/01/97,Arsenal,Everton,3,1,H,0,0,D
E0,19/01/97,Nottingham Forest,Tottenham Hotspur,2,1,H,0,1,A
E0,20/01/97,West Ham,Leeds,0,2,A,0,0,D
E0,29/01/97,Aston Villa,Sheffield Weds,0,1,A,0,0,D
E0,29/01/97,Leeds,Derby,0,0,D,0,0,D
E0,29/01/97,Leicester,Sunderland,1,1,D,1,1,D
E0,29/01/97,Manchester United,Wimbledon,2,1,H,0,0,D
E0,29/01/97,Newcastle,Everton,4,1,H,0,1,A
E0,29/01/97,Nottingham Forest,Coventry,0,1,A,0,0,D
E0,29/01/97,Tottenham Hotspur,Blackburn,2,1,H,1,0,H
E0,29/01/97,West Ham,Arsenal,1,2,A,0,1,A
E0,01/02/97,Aston Villa,Sunderland,1,0,H,1,0,H
E0,01/02/97,Blackburn,West Ham,2,1,H,2,0,H
E0,01/02/97,Derby,Liverpool,0,1,A,0,0,D
E0,01/02/97,Everton,Nottingham Forest,2,0,H,0,0,D
E0,01/02/97,Leeds,Arsenal,0,0,D,0,0,D
E0,01/02/97,Manchester United,Southampton,2,1,H,1,1,D
E0,01/02/97,Sheffield Weds,Coventry,0,0,D,0,0,D
E0,01/02/97,Tottenham Hotspur,Chelsea,1,2,A,0,1,A
E0,01/02/97,Wimbledon,Middlesbrough,1,1,D,1,0,H
E0,02/02/97,Newcastle,Leicester,4,3,H,1,0,H
E0,15/02/97,Derby,West Ham,1,0,H,0,0,D
E0,15/02/97,Tottenham Hotspur,Arsenal,0,0,D,0,0,D
E0,19/02/97,Arsenal,Manchester United,1,2,A,0,2,A
E0,19/02/97,Aston Villa,Coventry,2,1,H,1,0,H
E0,19/02/97,Derby,Sheffield Weds,2,2,D,1,1,D
E0,19/02/97,Liverpool,Leeds,4,0,H,3,0,H
E0,22/02/97,Chelsea,Manchester United,1,1,D,1,0,H
E0,22/02/97,Coventry,Everton,0,0,D,0,0,D
E0,22/02/97,Leicester,Derby,4,2,H,3,1,H
E0,22/02/97,Liverpool,Blackburn,0,0,D,0,0,D
E0,22/02/97,Middlesbrough,Newcastle,0,1,A,0,1,A
E0,22/02/97,Nottingham Forest,Aston Villa,0,0,D,0,0,D
E0,22/02/97,Southampton,Sheffield Weds,2,3,A,2,0,H
E0,22/02/97,Sunderland,Leeds,0,1,A,0,0,D
E0,23/02/97,Arsenal,Wimbledon,0,1,A,0,1,A
E0,24/02/97,West Ham,Tottenham Hotspur,4,3,H,3,2,H
E0,26/02/97,Southampton,Wimbledon,0,0,D,0,0,D
E0,01/03/97,Blackburn,Sunderland,1,0,H,0,0,D
E0,01/03/97,Derby,Chelsea,3,2,H,0,1,A
E0,01/03/97,Everton,Arsenal,0,2,A,0,2,A
E0,01/03/97,Leeds,West Ham,1,0,H,0,0,D
E0,01/03/97,Manchester United,Coventry,3,1,H,2,0,H
E0,01/03/97,Newcastle,Southampton,0,1,A,0,0,D
E0,01/03/97,Sheffield Weds,Middlesbrough,3,1,H,2,0,H
E0,01/03/97,Tottenham Hotspur,Nottingham Forest,0,1,A,0,1,A
E0,01/03/97,Wimbledon,Leicester,1,3,A,0,3,A
E0,02/03/97,Aston Villa,Liverpool,1,0,H,0,0,D
E0,03/03/97,Coventry,Wimbledon,1,1,D,1,1,D
E0,04/03/97,Sunderland,Tottenham Hotspur,0,4,A,0,3,A
E0,05/03/97,Chelsea,Blackburn,1,1,D,0,0,D
E0,05/03/97,Leicester,Aston Villa,1,0,H,0,0,D
E0,05/03/97,Middlesbrough,Derby,6,1,H,1,0,H
E0,05/03/97,Nottingham Forest,Sheffield Weds,0,3,A,0,0,D
E0,05/03/97,Southampton,Everton,2,2,D,0,2,A
E0,08/03/97,Arsenal,Nottingham Forest,2,0,H,0,0,D
E0,08/03/97,Coventry,Leicester,0,0,D,0,0,D
E0,08/03/97,Leeds,Everton,1,0,H,1,0,H
E0,08/03/97,Sunderland,Manchester United,2,1,H,0,0,D
E0,10/03/97,Liverpool,Newcastle,4,3,H,3,0,H
E0,11/03/97,Blackburn,Nottingham Forest,1,1,D,0,1,A
E0,12/03/97,Leeds,Southampton,0,0,D,0,0,D
E0,12/03/97,Sheffield Weds,Sunderland,2,1,H,1,1,D
E0,12/03/97,West Ham,Chelsea,3,2,H,0,1,A
E0,15/03/97,Aston Villa,West Ham,0,0,D,0,0,D
E0,15/03/97,Blackburn,Wimbledon,3,1,H,2,1,H
E0,15/03/97,Everton,Derby,1,0,H,0,0,D
E0,15/03/97,Leicester,Middlesbrough,1,3,A,0,3,A
E0,15/03/97,Manchester United,Sheffield Weds,2,0,H,1,0,H
E0,15/03/97,Newcastle,Coventry,4,0,H,2,0,H
E0,15/03/97,Nottingham Forest,Liverpool,1,1,D,1,1,D
E0,15/03/97,Southampton,Arsenal,0,2,A,0,1,A
E0,15/03/97,Tottenham Hotspur,Leeds,1,0,H,1,0,H
E0,16/03/97,Chelsea,Sunderland,6,2,H,2,0,H
E0,18/03/97,Wimbledon,West Ham,1,1,D,1,0,H
E0,19/03/97,Chelsea,Southampton,1,0,H,1,0,H
E0,19/03/97,Leicester,Tottenham Hotspur,1,1,D,0,0,D
E0,19/03/97,Middlesbrough,Blackburn,2,1,H,1,0,H
E0,22/03/97,Blackburn,Aston Villa,0,2,A,0,0,D
E0,22/03/97,Coventry,West Ham,1,3,A,1,2,A
E0,22/03/97,Derby,Tottenham Hotspur,4,2,H,2,1,H
E0,22/03/97,Everton,Manchester United,0,2,A,0,1,A
E0,22/03/97,Middlesbrough,Chelsea,1,0,H,0,0,D
E0,22/03/97,Sheffield Weds,Leeds,2,2,D,1,2,A
E0,22/03/97,Southampton,Leicester,2,2,D,1,0,H
E0,22/03/97,Sunderland,Nottingham Forest,1,1,D,0,0,D
E0,23/03/97,Wimbledon,Newcastle,1,1,D,1,0,H
E0,24/03/97,Arsenal,Liverpool,1,2,A,0,0,D
E0,24/03/97,Middlesbrough,Nottingham Forest,1,1,D,0,1,A
E0,05/04/97,Aston Villa,Everton,3,1,H,1,1,D
E0,05/04/97,Chelsea,Arsenal,0,3,A,0,1,A
E0,05/04/97,Manchester United,Derby,2,3,A,0,2,A
E0,05/04/97,Newcastle,Sunderland,1,1,D,0,1,A
E0,05/04/97,Nottingham Forest,Southampton,1,3,A,0,1,A
E0,05/04/97,Tottenham Hotspur,Wimbledon,1,0,H,0,0,D
E0,06/04/97,Liverpool,Coventry,1,2,A,0,0,D
E0,07/04/97,Leeds,Blackburn,0,0,D,0,0,D
E0,09/04/97,Coventry,Chelsea,3,1,H,0,1,A
E0,09/04/97,Derby,Southampton,1,1,D,0,0,D
E0,09/04/97,Everton,Leicester,1,1,D,1,0,H
E0,09/04/97,Sheffield Weds,Tottenham Hotspur,2,1,H,1,1,D
E0,09/04/97,West Ham,Middlesbrough,0,0,D,0,0,D
E0,09/04/97,Wimbledon,Aston Villa,0,2,A,0,1,A
E0,12/04/97,Arsenal,Leicester,2,0,H,1,0,H
E0,12/04/97,Blackburn,Manchester United,2,3,A,1,2,A
E0,12/04/97,Derby,Aston Villa,2,1,H,2,0,H
E0,12/04/97,Everton,Tottenham Hotspur,1,0,H,1,0,H
E0,12/04/97,Southampton,West Ham,2,0,H,2,0,H
E0,13/04/97,Sheffield Weds,Newcastle,1,1,D,0,1,A
E0,13/04/97,Sunderland,Liverpool,1,2,A,0,1,A
E0,16/04/97,Everton,Liverpool,1,1,D,0,1,A
E0,16/04/97,Newcastle,Chelsea,3,1,H,3,0,H
E0,16/04/97,Wimbledon,Leeds,2,0,H,1,0,H
E0,19/04/97,Arsenal,Blackburn,1,1,D,1,0,H
E0,19/04/97,Aston Villa,Tottenham Hotspur,1,1,D,0,0,D
E0,19/04/97,Chelsea,Leicester,2,1,H,1,0,H
E0,19/04/97,Liverpool,Manchester United,1,3,A,1,2,A
E0,19/04/97,Middlesbrough,Sunderland,0,1,A,0,1,A
E0,19/04/97,Newcastle,Derby,3,1,H,1,1,D
E0,19/04/97,Nottingham Forest,Leeds,1,1,D,1,0,H
E0,19/04/97,Sheffield Weds,Wimbledon,3,1,H,1,0,H
E0,19/04/97,Southampton,Coventry,2,2,D,1,0,H
E0,19/04/97,West Ham,Everton,2,2,D,2,0,H
E0,21/04/97,Coventry,Arsenal,1,1,D,1,1,D
E0,22/04/97,Blackburn,Sheffield Weds,4,1,H,3,0,H
E0,22/04/97,Leeds,Aston Villa,0,0,D,0,0,D
E0,22/04/97,Sunderland,Southampton,0,1,A,0,1,A
E0,22/04/97,Wimbledon,Chelsea,0,1,A,0,1,A
E0,23/04/97,Derby,Nottingham Forest,0,0,D,0,0,D
E0,23/04/97,Leicester,West Ham,0,1,A,0,0,D
E0,24/04/97,Tottenham Hotspur,Middlesbrough,1,0,H,0,0,D
E0,03/05/97,Arsenal,Newcastle,0,1,A,0,1,A
E0,03/05/97,Chelsea,Leeds,0,0,D,0,0,D
E0,03/05/97,Coventry,Derby,1,2,A,0,0,D
E0,03/05/97,Leicester,Manchester United,2,2,D,2,1,H
E0,03/05/97,Liverpool,Tottenham Hotspur,2,1,H,2,1,H
E0,03/05/97,Middlesbrough,Aston Villa,3,2,H,2,0,H
E0,03/05/97,Nottingham Forest,Wimbledon,1,1,D,0,1,A
E0,03/05/97,Southampton,Blackburn,2,0,H,1,0,H
E0,03/05/97,Sunderland,Everton,3,0,H,1,0,H
E0,03/05/97,West Ham,Sheffield Weds,5,1,H,3,0,H
E0,05/05/97,Manchester United,Middlesbrough,3,3,D,2,3,A
E0,06/05/97,West Ham,Newcastle,0,0,D,0,0,D
E0,06/05/97,Wimbledon,Liverpool,2,1,H,1,0,H
E0,07/05/97,Leicester,Sheffield Weds,1,0,H,0,0,D
E0,08/05/97,Blackburn,Middlesbrough,0,0,D,0,0,D
E0,08/05/97,Manchester United,Newcastle,0,0,D,0,0,D
E0,11/05/97,Aston Villa,Southampton,1,0,H,1,0,H
E0,11/05/97,Blackburn,Leicester,2,4,A,1,1,D
E0,11/05/97,Derby,Arsenal,1,3,A,1,0,H
E0,11/05/97,Everton,Chelsea,1,2,A,0,2,A
E0,11/05/97,Leeds,Middlesbrough,1,1,D,0,0,D
E0,11/05/97,Manchester United,West Ham,2,0,H,1,0,H
E0,11/05/97,Newcastle,Nottingham Forest,5,0,H,4,0,H
E0,11/05/97,Sheffield Weds,Liverpool,1,1,D,0,0,D
E0,11/05/97,Tottenham Hotspur,Coventry,1,2,A,1,2,A
E0,11/05/97,Wimbledon,Sunderland,1,0,H,0,0,D
