Div,Date,HomeTeam,AwayTeam,FTHG,FTAG,FTR,HTHG,HTAG,HTR
E0,19/08/95,Aston Villa,Manchester United,3,1,H,3,0,H
E0,19/08/95,Blackburn,QPR,1,0,H,1,0,H
E0,19/08/95,Chelsea,Everton,0,0,D,0,0,D
E0,19/08/95,Liverpool,Sheffield Weds,1,0,H,0,0,D
E0,19/08/95,Manchester City,Tottenham Hotspur,1,1,D,0,1,A
E0,19/08/95,Newcastle,Coventry,3,0,H,1,0,H
E0,19/08/95,Southampton,Nottingham Forest,3,4,A,1,3,A
E0,19/08/95,West Ham,Leeds,1,2,A,1,0,H
E0,19/08/95,Wimbledon,Bolton,3,2,H,2,2,D
E0,20/08/95,Arsenal,Middlesbrough,1,1,D,1,1,D
E0,21/08/95,Leeds,Liverpool,1,0,H,0,0,D
E0,22/08/95,Bolton,Newcastle,1,3,A,0,1,A
E0,23/08/95,Coventry,Manchester City,2,1,H,1,0,H
E0,23/08/95,Everton,Arsenal,0,2,A,0,0,D
E0,23/08/95,Manchester United,West Ham,2,1,H,0,0,D
E0,23/08/95,Nottingham Forest,Chelsea,0,0,D,0,0,D
E0,23/08/95,QPR,Wimbledon,0,3,A,0,1,A
E0,23/08/95,Sheffield Weds,Blackburn,2,1,H,1,0,H
E0,23/08/95,Tottenham Hotspur,Aston Villa,0,1,A,0,0,D
E0,26/08/95,Bolton,Blackburn,2,1,H,1,0,H
E0,26/08/95,Coventry,Arsenal,0,0,D,0,0,D
E0,26/08/95,Everton,Southampton,2,0,H,2,0,H
E0,26/08/95,Leeds,Aston Villa,2,0,H,1,0,H
E0,26/08/95,Manchester United,Wimbledon,3,1,H,1,0,H
E0,26/08/95,Middlesbrough,Chelsea,2,0,H,1,0,H
E0,26/08/95,Nottingham Forest,West Ham,1,1,D,1,1,D
E0,26/08/95,QPR,Manchester City,1,0,H,1,0,H
E0,26/08/95,Tottenham Hotspur,Liverpool,1,3,A,0,2,A
E0,27/08/95,Sheffield Weds,Newcastle,0,2,A,0,0,D
E0,28/08/95,Blackburn,Manchester United,1,2,A,0,0,D
E0,29/08/95,Arsenal,Nottingham Forest,1,1,D,1,0,H
E0,30/08/95,Aston Villa,Bolton,1,0,H,0,0,D
E0,30/08/95,Chelsea,Coventry,2,2,D,2,1,H
E0,30/08/95,Liverpool,QPR,1,0,H,1,0,H
E0,30/08/95,Manchester City,Everton,0,2,A,0,0,D
E0,30/08/95,Newcastle,Middlesbrough,1,0,H,0,0,D
E0,30/08/95,Southampton,Leeds,1,1,D,0,0,D
E0,30/08/95,West Ham,Tottenham Hotspur,1,1,D,1,0,H
E0,30/08/95,Wimbledon,Sheffield Weds,2,2,D,1,1,D
E0,09/09/95,Blackburn,Aston Villa,1,1,D,0,1,A
E0,09/09/95,Bolton,Middlesbrough,1,1,D,1,0,H
E0,09/09/95,Coventry,Nottingham Forest,1,1,D,1,1,D
E0,09/09/95,Everton,Manchester United,2,3,A,1,1,D
E0,09/09/95,QPR,Sheffield Weds,0,3,A,0,0,D
E0,09/09/95,Southampton,Newcastle,1,0,H,0,0,D
E0,09/09/95,Tottenham Hotspur,Leeds,2,1,H,1,0,H
E0,09/09/95,Wimbledon,Liverpool,1,0,H,1,0,H
E0,10/09/95,Manchester City,Arsenal,0,1,A,0,0,D
E0,11/09/95,West Ham,Chelsea,1,3,A,0,2,A
E0,12/09/95,Middlesbrough,Southampton,0,0,D,0,0,D
E0,16/09/95,Arsenal,West Ham,1,0,H,0,0,D
E0,16/09/95,Aston Villa,Wimbledon,2,0,H,1,0,H
E0,16/09/95,Chelsea,Southampton,3,0,H,0,0,D
E0,16/09/95,Leeds,QPR,1,3,A,0,2,A
E0,16/09/95,Liverpool,Blackburn,3,0,H,3,0,H
E0,16/09/95,Manchester United,Bolton,3,0,H,2,0,H
E0,16/09/95,Middlesbrough,Coventry,2,1,H,0,0,D
E0,16/09/95,Newcastle,Manchester City,3,1,H,2,0,H
E0,16/09/95,Sheffield Weds,Tottenham Hotspur,1,3,A,1,1,D
E0,17/09/95,Nottingham Forest,Everton,3,2,H,2,0,H
E0,23/09/95,Arsenal,Southampton,4,2,H,2,2,D
E0,23/09/95,Aston Villa,Nottingham Forest,1,1,D,0,0,D
E0,23/09/95,Blackburn,Coventry,5,1,H,2,1,H
E0,23/09/95,Liverpool,Bolton,5,2,H,2,0,H
E0,23/09/95,Manchester City,Middlesbrough,0,1,A,0,1,A
E0,23/09/95,Sheffield Weds,Manchester United,0,0,D,0,0,D
E0,23/09/95,West Ham,Everton,2,1,H,2,1,H
E0,23/09/95,Wimbledon,Leeds,2,4,A,1,3,A
E0,24/09/95,Newcastle,Chelsea,2,0,H,1,0,H
E0,25/09/95,QPR,Tottenham Hotspur,2,3,A,1,0,H
E0,30/09/95,Bolton,QPR,0,1,A,0,0,D
E0,30/09/95,Chelsea,Arsenal,1,0,H,0,0,D
E0,30/09/95,Coventry,Aston Villa,0,3,A,0,1,A
E0,30/09/95,Leeds,Sheffield Weds,2,0,H,1,0,H
E0,30/09/95,Middlesbrough,Blackburn,2,0,H,1,0,H
E0,30/09/95,Nottingham Forest,Manchester City,3,0,H,1,0,H
E0,30/09/95,Tottenham Hotspur,Wimbledon,3,1,H,2,1,H
E0,01/10/95,Everton,Newcastle,1,3,A,0,1,A
E0,01/10/95,Manchester United,Liverpool,2,2,D,1,1,D
E0,02/10/95,Southampton,West Ham,0,0,D,0,0,D
E0,14/10/95,Aston Villa,Chelsea,0,1,A,0,0,D
E0,14/10/95,Blackburn,Southampton,2,1,H,1,0,H
E0,14/10/95,Bolton,Everton,1,1,D,1,0,H
E0,14/10/95,Leeds,Arsenal,0,3,A,0,1,A
E0,14/10/95,Liverpool,Coventry,0,0,D,0,0,D
E0,14/10/95,Manchester United,Manchester City,1,0,H,1,0,H
E0,14/10/95,QPR,Newcastle,2,3,A,1,0,H
E0,14/10/95,Tottenham Hotspur,Nottingham Forest,0,1,A,0,0,D
E0,15/10/95,Sheffield Weds,Middlesbrough,0,1,A,0,0,D
E0,16/10/95,Wimbledon,West Ham,0,1,A,0,1,A
E0,21/10/95,Arsenal,Aston Villa,2,0,H,0,0,D
E0,21/10/95,Chelsea,Manchester United,1,4,A,0,2,A
E0,21/10/95,Coventry,Sheffield Weds,0,1,A,0,1,A
E0,21/10/95,Manchester City,Leeds,0,0,D,0,0,D
E0,21/10/95,Middlesbrough,QPR,1,0,H,1,0,H
E0,21/10/95,Newcastle,Wimbledon,6,1,H,3,0,H
E0,21/10/95,Nottingham Forest,Bolton,3,2,H,1,1,D
E0,21/10/95,West Ham,Blackburn,1,1,D,1,0,H
E0,22/10/95,Everton,Tottenham Hotspur,1,1,D,1,1,D
E0,22/10/95,Southampton,Liverpool,1,3,A,1,1,D
E0,28/10/95,Aston Villa,Everton,1,0,H,0,0,D
E0,28/10/95,Blackburn,Chelsea,3,0,H,1,0,H
E0,28/10/95,Leeds,Coventry,3,1,H,2,1,H
E0,28/10/95,Liverpool,Manchester City,6,0,H,2,0,H
E0,28/10/95,Manchester United,Middlesbrough,2,0,H,1,0,H
E0,28/10/95,QPR,Nottingham Forest,1,1,D,0,0,D
E0,28/10/95,Sheffield Weds,West Ham,0,1,A,0,1,A
E0,28/10/95,Wimbledon,Southampton,1,2,A,0,1,A
E0,29/10/95,Tottenham Hotspur,Newcastle,1,1,D,1,0,H
E0,30/10/95,Bolton,Arsenal,1,0,H,1,0,H
E0,04/11/95,Arsenal,Manchester United,1,0,H,1,0,H
E0,04/11/95,Chelsea,Sheffield Weds,0,0,D,0,0,D
E0,04/11/95,Coventry,Tottenham Hotspur,2,3,A,1,2,A
E0,04/11/95,Manchester City,Bolton,1,0,H,1,0,H
E0,04/11/95,Middlesbrough,Leeds,1,1,D,1,1,D
E0,04/11/95,Newcastle,Liverpool,2,1,H,1,1,D
E0,04/11/95,Southampton,QPR,2,0,H,1,0,H
E0,04/11/95,West Ham,Aston Villa,1,4,A,0,1,A
E0,05/11/95,Everton,Blackburn,1,0,H,1,0,H
E0,06/11/95,Nottingham Forest,Wimbledon,4,1,H,2,1,H
E0,08/11/95,Newcastle,Blackburn,1,0,H,1,0,H
E0,18/11/95,Aston Villa,Newcastle,1,1,D,1,0,H
E0,18/11/95,Blackburn,Nottingham Forest,7,0,H,2,0,H
E0,18/11/95,Bolton,West Ham,0,3,A,0,0,D
E0,18/11/95,Leeds,Chelsea,1,0,H,0,0,D
E0,18/11/95,Liverpool,Everton,1,2,A,0,0,D
E0,18/11/95,Manchester United,Southampton,4,1,H,3,0,H
E0,18/11/95,Sheffield Weds,Manchester City,1,1,D,1,0,H
E0,18/11/95,Tottenham Hotspur,Arsenal,2,1,H,1,1,D
E0,18/11/95,Wimbledon,Middlesbrough,0,0,D,0,0,D
E0,19/11/95,QPR,Coventry,1,1,D,1,0,H
E0,20/11/95,Southampton,Aston Villa,0,1,A,0,1,A
E0,21/11/95,Arsenal,Sheffield Weds,4,2,H,1,2,A
E0,21/11/95,Middlesbrough,Tottenham Hotspur,0,1,A,0,0,D
E0,22/11/95,Chelsea,Bolton,3,2,H,1,1,D
E0,22/11/95,Coventry,Manchester United,0,4,A,0,1,A
E0,22/11/95,Everton,QPR,2,0,H,2,0,H
E0,22/11/95,Manchester City,Wimbledon,1,0,H,0,0,D
E0,22/11/95,West Ham,Liverpool,0,0,D,0,0,D
E0,25/11/95,Chelsea,Tottenham Hotspur,0,0,D,0,0,D
E0,25/11/95,Coventry,Wimbledon,3,3,D,1,2,A
E0,25/11/95,Everton,Sheffield Weds,2,2,D,1,2,A
E0,25/11/95,Manchester City,Aston Villa,1,0,H,0,0,D
E0,25/11/95,Middlesbrough,Liverpool,2,1,H,1,0,H
E0,25/11/95,Newcastle,Leeds,2,1,H,0,1,A
E0,25/11/95,Southampton,Bolton,1,0,H,0,0,D
E0,25/11/95,West Ham,QPR,1,0,H,0,0,D
E0,26/11/95,Arsenal,Blackburn,0,0,D,0,0,D
E0,27/11/95,Nottingham Forest,Manchester United,1,1,D,1,0,H
E0,02/12/95,Aston Villa,Arsenal,1,1,D,0,0,D
E0,02/12/95,Blackburn,West Ham,4,2,H,3,0,H
E0,02/12/95,Bolton,Nottingham Forest,1,1,D,0,0,D
E0,02/12/95,Leeds,Manchester City,0,1,A,0,0,D
E0,02/12/95,Liverpool,Southampton,1,1,D,0,0,D
E0,02/12/95,Manchester United,Chelsea,1,1,D,0,0,D
E0,02/12/95,QPR,Middlesbrough,1,1,D,1,1,D
E0,02/12/95,Tottenham Hotspur,Everton,0,0,D,0,0,D
E0,03/12/95,Wimbledon,Newcastle,3,3,D,2,3,A
E0,04/12/95,Sheffield Weds,Coventry,4,3,H,2,2,D
E0,09/12/95,Bolton,Liverpool,0,1,A,0,0,D
E0,09/12/95,Chelsea,Newcastle,1,0,H,1,0,H
E0,09/12/95,Coventry,Blackburn,5,0,H,1,0,H
E0,09/12/95,Leeds,Wimbledon,1,1,D,0,1,A
E0,09/12/95,Manchester United,Sheffield Weds,2,2,D,1,0,H
E0,09/12/95,Middlesbrough,Manchester City,4,1,H,1,1,D
E0,09/12/95,Southampton,Arsenal,0,0,D,0,0,D
E0,09/12/95,Tottenham Hotspur,QPR,1,0,H,1,0,H
E0,10/12/95,Nottingham Forest,Aston Villa,1,1,D,0,0,D
E0,11/12/95,Everton,West Ham,3,0,H,2,0,H
E0,16/12/95,Arsenal,Chelsea,1,1,D,0,1,A
E0,16/12/95,Aston Villa,Coventry,4,1,H,1,0,H
E0,16/12/95,Blackburn,Middlesbrough,1,0,H,1,0,H
E0,16/12/95,Newcastle,Everton,1,0,H,1,0,H
E0,16/12/95,QPR,Bolton,2,1,H,1,1,D
E0,16/12/95,Sheffield Weds,Leeds,6,2,H,3,1,H
E0,16/12/95,West Ham,Southampton,2,1,H,0,1,A
E0,16/12/95,Wimbledon,Tottenham Hotspur,0,1,A,0,0,D
E0,17/12/95,Liverpool,Manchester United,2,0,H,1,0,H
E0,18/12/95,Manchester City,Nottingham Forest,1,1,D,1,0,H
E0,23/12/95,Coventry,Everton,2,1,H,0,0,D
E0,23/12/95,Liverpool,Arsenal,3,1,H,1,1,D
E0,23/12/95,Manchester City,Chelsea,0,1,A,0,0,D
E0,23/12/95,Middlesbrough,West Ham,4,2,H,3,0,H
E0,23/12/95,Newcastle,Nottingham Forest,3,1,H,2,1,H
E0,23/12/95,QPR,Aston Villa,1,0,H,0,0,D
E0,23/12/95,Sheffield Weds,Southampton,2,2,D,1,1,D
E0,23/12/95,Tottenham Hotspur,Bolton,2,2,D,1,0,H
E0,23/12/95,Wimbledon,Blackburn,1,1,D,0,1,A
E0,24/12/95,Leeds,Manchester United,3,1,H,2,1,H
E0,26/12/95,Arsenal,QPR,3,0,H,1,0,H
E0,26/12/95,Blackburn,Manchester City,2,0,H,1,0,H
E0,26/12/95,Chelsea,Wimbledon,1,2,A,1,2,A
E0,26/12/95,Everton,Middlesbrough,4,0,H,2,0,H
E0,26/12/95,Nottingham Forest,Sheffield Weds,1,0,H,1,0,H
E0,26/12/95,Southampton,Tottenham Hotspur,0,0,D,0,0,D
E0,27/12/95,Bolton,Leeds,0,2,A,0,1,A
E0,27/12/95,Manchester United,Newcastle,2,0,H,1,0,H
E0,30/12/95,Arsenal,Wimbledon,1,3,A,1,1,D
E0,30/12/95,Blackburn,Tottenham Hotspur,2,1,H,2,0,H
E0,30/12/95,Bolton,Coventry,1,2,A,1,1,D
E0,30/12/95,Chelsea,Liverpool,2,2,D,2,1,H
E0,30/12/95,Everton,Leeds,2,0,H,2,0,H
E0,30/12/95,Manchester United,QPR,2,1,H,1,0,H
E0,30/12/95,Nottingham Forest,Middlesbrough,1,0,H,1,0,H
E0,01/01/96,Coventry,Southampton,1,1,D,0,0,D
E0,01/01/96,Leeds,Blackburn,0,0,D,0,0,D
E0,01/01/96,Liverpool,Nottingham Forest,4,2,H,2,2,D
E0,01/01/96,Manchester City,West Ham,2,1,H,1,0,H
E0,01/01/96,Middlesbrough,Aston Villa,0,2,A,0,2,A
E0,01/01/96,Sheffield Weds,Bolton,4,2,H,2,0,H
E0,01/01/96,Tottenham Hotspur,Manchester United,4,1,H,2,1,H
E0,01/01/96,Wimbledon,Everton,2,3,A,0,3,A
E0,02/01/96,Newcastle,Arsenal,2,0,H,1,0,H
E0,02/01/96,QPR,Chelsea,1,2,A,0,0,D
E0,13/01/96,Bolton,Wimbledon,1,0,H,1,0,H
E0,13/01/96,Everton,Chelsea,1,1,D,1,1,D
E0,13/01/96,Leeds,West Ham,2,0,H,1,0,H
E0,13/01/96,Manchester United,Aston Villa,0,0,D,0,0,D
E0,13/01/96,Middlesbrough,Arsenal,2,3,A,1,1,D
E0,13/01/96,Nottingham Forest,Southampton,1,0,H,1,0,H
E0,13/01/96,QPR,Blackburn,0,1,A,0,0,D
E0,13/01/96,Sheffield Weds,Liverpool,1,1,D,1,0,H
E0,13/01/96,Tottenham Hotspur,Manchester City,1,0,H,0,0,D
E0,14/01/96,Coventry,Newcastle,0,1,A,0,1,A
E0,20/01/96,Arsenal,Everton,1,2,A,1,0,H
E0,20/01/96,Blackburn,Sheffield Weds,3,0,H,2,0,H
E0,20/01/96,Chelsea,Nottingham Forest,1,0,H,0,0,D
E0,20/01/96,Liverpool,Leeds,5,0,H,1,0,H
E0,20/01/96,Manchester City,Coventry,1,1,D,0,0,D
E0,20/01/96,Newcastle,Bolton,2,1,H,2,1,H
E0,20/01/96,Southampton,Middlesbrough,2,1,H,0,1,A
E0,20/01/96,Wimbledon,QPR,2,1,H,1,0,H
E0,21/01/96,Aston Villa,Tottenham Hotspur,2,1,H,1,1,D
E0,23/01/96,West Ham,Manchester United,0,1,A,0,1,A
E0,31/01/96,Aston Villa,Liverpool,0,2,A,0,0,D
E0,31/01/96,Nottingham Forest,Leeds,2,1,H,1,0,H
E0,31/01/96,Southampton,Manchester City,1,1,D,0,0,D
E0,31/01/96,West Ham,Coventry,3,2,H,0,0,D
E0,03/02/96,Arsenal,Coventry,1,1,D,1,1,D
E0,03/02/96,Aston Villa,Leeds,3,0,H,2,0,H
E0,03/02/96,Blackburn,Bolton,3,1,H,1,1,D
E0,03/02/96,Liverpool,Tottenham Hotspur,0,0,D,0,0,D
E0,03/02/96,Manchester City,QPR,2,0,H,1,0,H
E0,03/02/96,Newcastle,Sheffield Weds,2,0,H,0,0,D
E0,03/02/96,Southampton,Everton,2,2,D,0,0,D
E0,03/02/96,West Ham,Nottingham Forest,1,0,H,1,0,H
E0,03/02/96,Wimbledon,Manchester United,2,4,A,0,2,A
E0,04/02/96,Chelsea,Middlesbrough,5,0,H,3,0,H
E0,10/02/96,Bolton,Aston Villa,0,2,A,0,1,A
E0,10/02/96,Coventry,Chelsea,1,0,H,1,0,H
E0,10/02/96,Everton,Manchester City,2,0,H,1,0,H
E0,10/02/96,Manchester United,Blackburn,1,0,H,1,0,H
E0,10/02/96,Middlesbrough,Newcastle,1,2,A,1,0,H
E0,10/02/96,Nottingham Forest,Arsenal,0,1,A,0,0,D
E0,10/02/96,Sheffield Weds,Wimbledon,2,1,H,0,0,D
E0,11/02/96,QPR,Liverpool,1,2,A,0,2,A
E0,12/02/96,Tottenham Hotspur,West Ham,0,1,A,0,1,A
E0,17/02/96,Chelsea,West Ham,1,2,A,1,0,H
E0,17/02/96,Middlesbrough,Bolton,1,4,A,1,2,A
E0,17/02/96,Sheffield Weds,QPR,1,3,A,1,1,D
E0,21/02/96,Manchester United,Everton,2,0,H,1,0,H
E0,21/02/96,West Ham,Newcastle,2,0,H,1,0,H
E0,24/02/96,Blackburn,Liverpool,2,3,A,1,2,A
E0,24/02/96,Coventry,Middlesbrough,0,0,D,0,0,D
E0,24/02/96,Everton,Nottingham Forest,3,0,H,0,0,D
E0,24/02/96,Manchester City,Newcastle,3,3,D,1,1,D
E0,24/02/96,Southampton,Chelsea,2,3,A,2,2,D
E0,24/02/96,Tottenham Hotspur,Sheffield Weds,1,0,H,1,0,H
E0,24/02/96,West Ham,Arsenal,0,1,A,0,1,A
E0,24/02/96,Wimbledon,Aston Villa,3,3,D,1,1,D
E0,25/02/96,Bolton,Manchester United,0,6,A,0,2,A
E0,28/02/96,Aston Villa,Blackburn,2,0,H,0,0,D
E0,02/03/96,Coventry,West Ham,2,2,D,2,2,D
E0,02/03/96,Leeds,Bolton,0,1,A,0,1,A
E0,02/03/96,Manchester City,Blackburn,1,1,D,0,0,D
E0,02/03/96,Middlesbrough,Everton,0,2,A,0,2,A
E0,02/03/96,QPR,Arsenal,1,1,D,1,0,H
E0,02/03/96,Sheffield Weds,Nottingham Forest,1,3,A,0,1,A
E0,02/03/96,Tottenham Hotspur,Southampton,1,0,H,0,0,D
E0,02/03/96,Wimbledon,Chelsea,1,1,D,1,1,D
E0,03/03/96,Liverpool,Aston Villa,3,0,H,3,0,H
E0,04/03/96,Newcastle,Manchester United,0,1,A,0,0,D
E0,05/03/96,Arsenal,Manchester City,3,1,H,2,0,H
E0,06/03/96,Aston Villa,Sheffield Weds,3,2,H,0,1,A
E0,06/03/96,QPR,Leeds,1,2,A,1,2,A
E0,09/03/96,Aston Villa,QPR,4,2,H,1,0,H
E0,09/03/96,Everton,Coventry,2,2,D,2,1,H
E0,09/03/96,West Ham,Middlesbrough,2,0,H,1,0,H
E0,12/03/96,Chelsea,Manchester City,1,1,D,1,1,D
E0,13/03/96,Blackburn,Leeds,1,0,H,0,0,D
E0,13/03/96,Liverpool,Wimbledon,2,2,D,1,0,H
E0,16/03/96,Coventry,Bolton,0,2,A,0,0,D
E0,16/03/96,Liverpool,Chelsea,2,0,H,0,0,D
E0,16/03/96,Manchester City,Southampton,2,1,H,2,0,H
E0,16/03/96,Middlesbrough,Nottingham Forest,1,1,D,0,0,D
E0,16/03/96,QPR,Manchester United,1,1,D,0,0,D
E0,16/03/96,Sheffield Weds,Aston Villa,2,0,H,0,0,D
E0,16/03/96,Tottenham Hotspur,Blackburn,2,3,A,0,2,A
E0,16/03/96,Wimbledon,Arsenal,0,3,A,0,0,D
E0,17/03/96,Leeds,Everton,2,2,D,2,1,H
E0,18/03/96,Newcastle,West Ham,3,0,H,1,0,H
E0,19/03/96,Aston Villa,Middlesbrough,0,0,D,0,0,D
E0,20/03/96,Bolton,Tottenham Hotspur,2,3,A,0,1,A
E0,20/03/96,Manchester United,Arsenal,1,0,H,0,0,D
E0,20/03/96,Southampton,Sheffield Weds,0,1,A,0,1,A
E0,23/03/96,Arsenal,Newcastle,2,0,H,2,0,H
E0,23/03/96,Bolton,Sheffield Weds,2,1,H,1,1,D
E0,23/03/96,Chelsea,QPR,1,1,D,1,1,D
E0,23/03/96,Everton,Wimbledon,2,4,A,1,1,D
E0,23/03/96,Nottingham Forest,Liverpool,1,0,H,1,0,H
E0,23/03/96,West Ham,Manchester City,4,2,H,1,0,H
E0,24/03/96,Manchester United,Tottenham Hotspur,1,0,H,0,0,D
E0,25/03/96,Southampton,Coventry,1,0,H,1,0,H
E0,30/03/96,Blackburn,Everton,0,3,A,0,0,D
E0,30/03/96,Bolton,Manchester City,1,1,D,0,1,A
E0,30/03/96,Leeds,Middlesbrough,0,1,A,0,1,A
E0,30/03/96,QPR,Southampton,3,0,H,1,0,H
E0,30/03/96,Tottenham Hotspur,Coventry,3,1,H,1,0,H
E0,30/03/96,Wimbledon,Nottingham Forest,1,0,H,0,0,D
E0,03/04/96,Leeds,Southampton,1,0,H,0,0,D
E0,03/04/96,Liverpool,Newcastle,4,3,H,1,2,A
E0,05/04/96,Middlesbrough,Sheffield Weds,3,1,H,0,0,D
E0,06/04/96,Arsenal,Leeds,2,1,H,1,0,H
E0,06/04/96,Chelsea,Aston Villa,1,2,A,1,1,D
E0,06/04/96,Coventry,Liverpool,1,0,H,1,0,H
E0,06/04/96,Everton,Bolton,3,0,H,1,0,H
E0,06/04/96,Manchester City,Manchester United,2,3,A,1,2,A
E0,06/04/96,Newcastle,QPR,2,1,H,0,0,D
E0,06/04/96,Nottingham Forest,Tottenham Hotspur,2,1,H,1,0,H
E0,06/04/96,Southampton,Blackburn,1,0,H,0,0,D
E0,06/04/96,West Ham,Wimbledon,1,1,D,1,1,D
E0,08/04/96,Aston Villa,Southampton,3,0,H,0,0,D
E0,08/04/96,Blackburn,Newcastle,2,1,H,0,0,D
E0,08/04/96,Bolton,Chelsea,2,1,H,2,1,H
E0,08/04/96,Leeds,Nottingham Forest,1,3,A,1,2,A
E0,08/04/96,Liverpool,West Ham,2,0,H,2,0,H
E0,08/04/96,Manchester United,Coventry,1,0,H,0,0,D
E0,08/04/96,QPR,Everton,3,1,H,2,0,H
E0,08/04/96,Sheffield Weds,Arsenal,1,0,H,0,0,D
E0,08/04/96,Tottenham Hotspur,Middlesbrough,1,1,D,0,0,D
E0,08/04/96,Wimbledon,Manchester City,3,0,H,1,0,H
E0,13/04/96,Chelsea,Leeds,4,1,H,3,0,H
E0,13/04/96,Coventry,QPR,1,0,H,0,0,D
E0,13/04/96,Manchester City,Sheffield Weds,1,0,H,0,0,D
E0,13/04/96,Middlesbrough,Wimbledon,1,2,A,1,1,D
E0,13/04/96,Nottingham Forest,Blackburn,1,5,A,1,3,A
E0,13/04/96,Southampton,Manchester United,3,1,H,3,0,H
E0,13/04/96,West Ham,Bolton,1,0,H,1,0,H
E0,14/04/96,Newcastle,Aston Villa,1,0,H,0,0,D
E0,15/04/96,Arsenal,Tottenham Hotspur,0,0,D,0,0,D
E0,16/04/96,Everton,Liverpool,1,1,D,1,0,H
E0,17/04/96,Aston Villa,West Ham,1,1,D,1,0,H
E0,17/04/96,Blackburn,Wimbledon,3,2,H,1,1,D
E0,17/04/96,Manchester United,Leeds,1,0,H,0,0,D
E0,17/04/96,Newcastle,Southampton,1,0,H,1,0,H
E0,17/04/96,Nottingham Forest,Coventry,0,0,D,0,0,D
E0,17/04/96,Sheffield Weds,Chelsea,0,0,D,0,0,D
E0,27/04/96,Aston Villa,Manchester City,0,1,A,0,0,D
E0,27/04/96,Blackburn,Arsenal,1,1,D,1,0,H
E0,27/04/96,Bolton,Southampton,0,1,A,0,1,A
E0,27/04/96,Liverpool,Middlesbrough,1,0,H,0,0,D
E0,27/04/96,QPR,West Ham,3,0,H,0,0,D
E0,27/04/96,Sheffield Weds,Everton,2,5,A,1,3,A
E0,27/04/96,Tottenham Hotspur,Chelsea,1,1,D,0,1,A
E0,27/04/96,Wimbledon,Coventry,0,2,A,0,0,D
E0,28/04/96,Manchester United,Nottingham Forest,5,0,H,2,0,H
E0,29/04/96,Leeds,Newcastle,0,1,A,0,1,A
E0,01/05/96,Arsenal,Liverpool,0,0,D,0,0,D
E0,02/05/96,Leeds,Tottenham Hotspur,1,3,A,1,2,A
E0,02/05/96,Nottingham Forest,Newcastle,1,1,D,0,1,A
E0,04/05/96,Arsenal,Bolton,2,1,H,0,0,D
E0,04/05/96,Chelsea,Blackburn,2,3,A,1,1,D
E0,04/05/96,Coventry,Leeds,0,0,D,0,0,D
E0,04/05/96,Everton,Aston Villa,1,0,H,0,0,D
E0,04/05/96,Manchester City,Liverpool,2,2,D,0,2,A
E0,04/05/96,Middlesbrough,Manchester United,0,3,A,0,1,A
E0,04/05/96,Newcastle,Tottenham Hotspur,1,1,D,0,0,D
E0,04/05/96,Nottingham Forest,QPR,3,0,H,1,0,H
E0,04/05/96,Southampton,Wimbledon,0,0,D,0,0,D
E0,04/05/96,West Ham,Sheffield Weds,1,1,D,0,0,D
