Div,Date,HomeTeam,AwayTeam,FTHG,FTAG,FTR,HTHG,HTAG,HTR
E0,1995-08-19,Aston Villa,Manchester United,3,1,H,3,0,H
E0,1995-08-19,Blackburn,QPR,1,0,H,1,0,H
E0,1995-08-19,Chelsea,Everton,0,0,D,0,0,D
E0,1995-08-19,Liverpool,Sheffield Weds,1,0,H,0,0,D
E0,1995-08-19,Manchester City,Tottenham Hotspur,1,1,D,0,1,A
E0,1995-08-19,Newcastle,Coventry,3,0,H,1,0,H
E0,1995-08-19,Southampton,Nottingham Forest,3,4,A,1,3,A
E0,1995-08-19,West Ham,Leeds,1,2,A,1,0,H
E0,1995-08-19,Wimbledon,Bolton,3,2,H,2,2,D
E0,1995-08-20,Arsenal,Middlesbrough,1,1,D,1,1,D
E0,1995-08-21,Leeds,Liverpool,1,0,H,0,0,D
E0,1995-08-22,Bolton,Newcastle,1,3,A,0,1,A
E0,1995-08-23,Coventry,Manchester City,2,1,H,1,0,H
E0,1995-08-23,Everton,Arsenal,0,2,A,0,0,D
E0,1995-08-23,Manchester United,West Ham,2,1,H,0,0,D
E0,1995-08-23,Nottingham Forest,Chelsea,0,0,D,0,0,D
E0,1995-08-23,QPR,Wimbledon,0,3,A,0,1,A
E0,1995-08-23,Sheffield Weds,Blackburn,2,1,H,1,0,H
E0,1995-08-23,Tottenham Hotspur,Aston Villa,0,1,A,0,0,D
E0,1995-08-26,Bolton,Blackburn,2,1,H,1,0,H
E0,1995-08-26,Coventry,Arsenal,0,0,D,0,0,D
E0,1995-08-26,Everton,Southampton,2,0,H,2,0,H
E0,1995-08-26,Leeds,Aston Villa,2,0,H,1,0,H
E0,1995-08-26,Manchester United,Wimbledon,3,1,H,1,0,H
E0,1995-08-26,Middlesbrough,Chelsea,2,0,H,1,0,H
E0,1995-08-26,Nottingham Forest,West Ham,1,1,D,1,1,D
E0,1995-08-26,QPR,Manchester City,1,0,H,1,0,H
E0,1995-08-26,Tottenham Hotspur,Liverpool,1,3,A,0,2,A
E0,1995-08-27,Sheffield Weds,Newcastle,0,2,A,0,0,D
E0,1995-08-28,Blackburn,Manchester United,1,2,A,0,0,D
E0,1995-08-29,Arsenal,Nottingham Forest,1,1,D,1,0,H
E0,1995-08-30,Aston Villa,Bolton,1,0,H,0,0,D
E0,1995-08-30,Chelsea,Coventry,2,2,D,2,1,H
E0,1995-08-30,Liverpool,QPR,1,0,H,1,0,H
E0,1995-08-30,Manchester City,Everton,0,2,A,0,0,D
E0,1995-08-30,Newcastle,Middlesbrough,1,0,H,0,0,D
E0,1995-08-30,Southampton,Leeds,1,1,D,0,0,D
E0,1995-08-30,West Ham,Tottenham Hotspur,1,1,D,1,0,H
E0,1995-08-30,Wimbledon,Sheffield Weds,2,2,D,1,1,D
E0,1995-09-09,Blackburn,Aston Villa,1,1,D,0,1,A
E0,1995-09-09,Bolton,Middlesbrough,1,1,D,1,0,H
E0,1995-09-09,Coventry,Nottingham Forest,1,1,D,1,1,D
E0,1995-09-09,Everton,Manchester United,2,3,A,1,1,D
E0,1995-09-09,QPR,Sheffield Weds,0,3,A,0,0,D
E0,1995-09-09,Southampton,Newcastle,1,0,H,0,0,D
E0,1995-09-09,Tottenham Hotspur,Leeds,2,1,H,1,0,H
E0,1995-09-09,Wimbledon,Liverpool,1,0,H,1,0,H
E0,1995-09-10,Manchester City,Arsenal,0,1,A,0,0,D
E0,1995-09-11,West Ham,Chelsea,1,3,A,0,2,A
E0,1995-09-12,Middlesbrough,Southampton,0,0,D,0,0,D
E0,1995-09-16,Arsenal,West Ham,1,0,H,0,0,D
E0,1995-09-16,Aston Villa,Wimbledon,2,0,H,1,0,H
E0,1995-09-16,Chelsea,Southampton,3,0,H,0,0,D
E0,1995-09-16,Leeds,QPR,1,3,A,0,2,A
E0,1995-09-16,Liverpool,Blackburn,3,0,H,3,0,H
E0,1995-09-16,Manchester United,Bolton,3,0,H,2,0,H
E0,1995-09-16,Middlesbrough,Coventry,2,1,H,0,0,D
E0,1995-09-16,Newcastle,Manchester City,3,1,H,2,0,H
E0,1995-09-16,Sheffield Weds,Tottenham Hotspur,1,3,A,1,1,D
E0,1995-09-17,Nottingham Forest,Everton,3,2,H,2,0,H
E0,1995-09-23,Arsenal,Southampton,4,2,H,2,2,D
E0,1995-09-23,Aston Villa,Nottingham Forest,1,1,D,0,0,D
E0,1995-09-23,Blackburn,Coventry,5,1,H,2,1,H
E0,1995-09-23,Liverpool,Bolton,5,2,H,2,0,H
E0,1995-09-23,Manchester City,Middlesbrough,0,1,A,0,1,A
E0,1995-09-23,Sheffield Weds,Manchester United,0,0,D,0,0,D
E0,1995-09-23,West Ham,Everton,2,1,H,2,1,H
E0,1995-09-23,Wimbledon,Leeds,2,4,A,1,3,A
E0,1995-09-24,Newcastle,Chelsea,2,0,H,1,0,H
E0,1995-09-25,QPR,Tottenham Hotspur,2,3,A,1,0,H
E0,1995-09-30,Bolton,QPR,0,1,A,0,0,D
E0,1995-09-30,Chelsea,Arsenal,1,0,H,0,0,D
E0,1995-09-30,Coventry,Aston Villa,0,3,A,0,1,A
E0,1995-09-30,Leeds,Sheffield Weds,2,0,H,1,0,H
E0,1995-09-30,Middlesbrough,Blackburn,2,0,H,1,0,H
E0,1995-09-30,Nottingham Forest,Manchester City,3,0,H,1,0,H
E0,1995-09-30,Tottenham Hotspur,Wimbledon,3,1,H,2,1,H
E0,1995-10-01,Everton,Newcastle,1,3,A,0,1,A
E0,1995-10-01,Manchester United,Liverpool,2,2,D,1,1,D
E0,1995-10-02,Southampton,West Ham,0,0,D,0,0,D
E0,1995-10-14,Aston Villa,Chelsea,0,1,A,0,0,D
E0,1995-10-14,Blackburn,Southampton,2,1,H,1,0,H
E0,1995-10-14,Bolton,Everton,1,1,D,1,0,H
E0,1995-10-14,Leeds,Arsenal,0,3,A,0,1,A
E0,1995-10-14,Liverpool,Coventry,0,0,D,0,0,D
E0,1995-10-14,Manchester United,Manchester City,1,0,H,1,0,H
E0,1995-10-14,QPR,Newcastle,2,3,A,1,0,H
E0,1995-10-14,Tottenham Hotspur,Nottingham Forest,0,1,A,0,0,D
E0,1995-10-15,Sheffield Weds,Middlesbrough,0,1,A,0,0,D
E0,1995-10-16,Wimbledon,West Ham,0,1,A,0,1,A
E0,1995-10-21,Arsenal,Aston Villa,2,0,H,0,0,D
E0,1995-10-21,Chelsea,Manchester United,1,4,A,0,2,A
E0,1995-10-21,Coventry,Sheffield Weds,0,1,A,0,1,A
E0,1995-10-21,Manchester City,Leeds,0,0,D,0,0,D
E0,1995-10-21,Middlesbrough,QPR,1,0,H,1,0,H
E0,1995-10-21,Newcastle,Wimbledon,6,1,H,3,0,H
E0,1995-10-21,Nottingham Forest,Bolton,3,2,H,1,1,D
E0,1995-10-21,West Ham,Blackburn,1,1,D,1,0,H
E0,1995-10-22,Everton,Tottenham Hotspur,1,1,D,1,1,D
E0,1995-10-22,Southampton,Liverpool,1,3,A,1,1,D
E0,1995-10-28,Aston Villa,Everton,1,0,H,0,0,D
E0,1995-10-28,Blackburn,Chelsea,3,0,H,1,0,H
E0,1995-10-28,Leeds,Coventry,3,1,H,2,1,H
E0,1995-10-28,Liverpool,Manchester City,6,0,H,2,0,H
E0,1995-10-28,Manchester United,Middlesbrough,2,0,H,1,0,H
E0,1995-10-28,QPR,Nottingham Forest,1,1,D,0,0,D
E0,1995-10-28,Sheffield Weds,West Ham,0,1,A,0,1,A
E0,1995-10-28,Wimbledon,Southampton,1,2,A,0,1,A
E0,1995-10-29,Tottenham Hotspur,Newcastle,1,1,D,1,0,H
E0,1995-10-30,Bolton,Arsenal,1,0,H,1,0,H
E0,1995-11-04,Arsenal,Manchester United,1,0,H,1,0,H
E0,1995-11-04,Chelsea,Sheffield Weds,0,0,D,0,0,D
E0,1995-11-04,Coventry,Tottenham Hotspur,2,3,A,1,2,A
E0,1995-11-04,Manchester City,Bolton,1,0,H,1,0,H
E0,1995-11-04,Middlesbrough,Leeds,1,1,D,1,1,D
E0,1995-11-04,Newcastle,Liverpool,2,1,H,1,1,D
E0,1995-11-04,Southampton,QPR,2,0,H,1,0,H
E0,1995-11-04,West Ham,Aston Villa,1,4,A,0,1,A
E0,1995-11-05,Everton,Blackburn,1,0,H,1,0,H
E0,1995-11-06,Nottingham Forest,Wimbledon,4,1,H,2,1,H
E0,1995-11-08,Newcastle,Blackburn,1,0,H,1,0,H
E0,1995-11-18,Aston Villa,Newcastle,1,1,D,1,0,H
E0,1995-11-18,Blackburn,Nottingham Forest,7,0,H,2,0,H
E0,1995-11-18,Bolton,West Ham,0,3,A,0,0,D
E0,1995-11-18,Leeds,Chelsea,1,0,H,0,0,D
E0,1995-11-18,Liverpool,Everton,1,2,A,0,0,D
E0,1995-11-18,Manchester United,Southampton,4,1,H,3,0,H
E0,1995-11-18,Sheffield Weds,Manchester City,1,1,D,1,0,H
E0,1995-11-18,Tottenham Hotspur,Arsenal,2,1,H,1,1,D
E0,1995-11-18,Wimbledon,Middlesbrough,0,0,D,0,0,D
E0,1995-11-19,QPR,Coventry,1,1,D,1,0,H
E0,1995-11-20,Southampton,Aston Villa,0,1,A,0,1,A
E0,1995-11-21,Arsenal,Sheffield Weds,4,2,H,1,2,A
E0,1995-11-21,Middlesbrough,Tottenham Hotspur,0,1,A,0,0,D
E0,1995-11-22,Chelsea,Bolton,3,2,H,1,1,D
E0,1995-11-22,Coventry,Manchester United,0,4,A,0,1,A
E0,1995-11-22,Everton,QPR,2,0,H,2,0,H
E0,1995-11-22,Manchester City,Wimbledon,1,0,H,0,0,D
E0,1995-11-22,West Ham,Liverpool,0,0,D,0,0,D
E0,1995-11-25,Chelsea,Tottenham Hotspur,0,0,D,0,0,D
E0,1995-11-25,Coventry,Wimbledon,3,3,D,1,2,A
E0,1995-11-25,Everton,Sheffield Weds,2,2,D,1,2,A
E0,1995-11-25,Manchester City,Aston Villa,1,0,H,0,0,D
E0,1995-11-25,Middlesbrough,Liverpool,2,1,H,1,0,H
E0,1995-11-25,Newcastle,Leeds,2,1,H,0,1,A
E0,1995-11-25,Southampton,Bolton,1,0,H,0,0,D
E0,1995-11-25,West Ham,QPR,1,0,H,0,0,D
E0,1995-11-26,Arsenal,Blackburn,0,0,D,0,0,D
E0,1995-11-27,Nottingham Forest,Manchester United,1,1,D,1,0,H
E0,1995-12-02,Aston Villa,Arsenal,1,1,D,0,0,D
E0,1995-12-02,Blackburn,West Ham,4,2,H,3,0,H
E0,1995-12-02,Bolton,Nottingham Forest,1,1,D,0,0,D
E0,1995-12-02,Leeds,Manchester City,0,1,A,0,0,D
E0,1995-12-02,Liverpool,Southampton,1,1,D,0,0,D
E0,1995-12-02,Manchester United,Chelsea,1,1,D,0,0,D
E0,1995-12-02,QPR,Middlesbrough,1,1,D,1,1,D
E0,1995-12-02,Tottenham Hotspur,Everton,0,0,D,0,0,D
E0,1995-12-03,Wimbledon,Newcastle,3,3,D,2,3,A
E0,1995-12-04,Sheffield Weds,Coventry,4,3,H,2,2,D
E0,1995-12-09,Bolton,Liverpool,0,1,A,0,0,D
E0,1995-12-09,Chelsea,Newcastle,1,0,H,1,0,H
E0,1995-12-09,Coventry,Blackburn,5,0,H,1,0,H
E0,1995-12-09,Leeds,Wimbledon,1,1,D,0,1,A
E0,1995-12-09,Manchester United,Sheffield Weds,2,2,D,1,0,H
E0,1995-12-09,Middlesbrough,Manchester City,4,1,H,1,1,D
E0,1995-12-09,Southampton,Arsenal,0,0,D,0,0,D
E0,1995-12-09,Tottenham Hotspur,QPR,1,0,H,1,0,H
E0,1995-12-10,Nottingham Forest,Aston Villa,1,1,D,0,0,D
E0,1995-12-11,Everton,West Ham,3,0,H,2,0,H
E0,1995-12-16,Arsenal,Chelsea,1,1,D,0,1,A
E0,1995-12-16,Aston Villa,Coventry,4,1,H,1,0,H
E0,1995-12-16,Blackburn,Middlesbrough,1,0,H,1,0,H
E0,1995-12-16,Newcastle,Everton,1,0,H,1,0,H
E0,1995-12-16,QPR,Bolton,2,1,H,1,1,D
E0,1995-12-16,Sheffield Weds,Leeds,6,2,H,3,1,H
E0,1995-12-16,West Ham,Southampton,2,1,H,0,1,A
E0,1995-12-16,Wimbledon,Tottenham Hotspur,0,1,A,0,0,D
E0,1995-12-17,Liverpool,Manchester United,2,0,H,1,0,H
E0,1995-12-18,Manchester City,Nottingham Forest,1,1,D,1,0,H
E0,1995-12-23,Coventry,Everton,2,1,H,0,0,D
E0,1995-12-23,Liverpool,Arsenal,3,1,H,1,1,D
E0,1995-12-23,Manchester City,Chelsea,0,1,A,0,0,D
E0,1995-12-23,Middlesbrough,West Ham,4,2,H,3,0,H
E0,1995-12-23,Newcastle,Nottingham Forest,3,1,H,2,1,H
E0,1995-12-23,QPR,Aston Villa,1,0,H,0,0,D
E0,1995-12-23,Sheffield Weds,Southampton,2,2,D,1,1,D
E0,1995-12-23,Tottenham Hotspur,Bolton,2,2,D,1,0,H
E0,1995-12-23,Wimbledon,Blackburn,1,1,D,0,1,A
E0,1995-12-24,Leeds,Manchester United,3,1,H,2,1,H
E0,1995-12-26,Arsenal,QPR,3,0,H,1,0,H
E0,1995-12-26,Blackburn,Manchester City,2,0,H,1,0,H
E0,1995-12-26,Chelsea,Wimbledon,1,2,A,1,2,A
E0,1995-12-26,Everton,Middlesbrough,4,0,H,2,0,H
E0,1995-12-26,Nottingham Forest,Sheffield Weds,1,0,H,1,0,H
E0,1995-12-26,Southampton,Tottenham Hotspur,0,0,D,0,0,D
E0,1995-12-27,Bolton,Leeds,0,2,A,0,1,A
E0,1995-12-27,Manchester United,Newcastle,2,0,H,1,0,H
E0,1995-12-30,Arsenal,Wimbledon,1,3,A,1,1,D
E0,1995-12-30,Blackburn,Tottenham Hotspur,2,1,H,2,0,H
E0,1995-12-30,Bolton,Coventry,1,2,A,1,1,D
E0,1995-12-30,Chelsea,Liverpool,2,2,D,2,1,H
E0,1995-12-30,Everton,Leeds,2,0,H,2,0,H
E0,1995-12-30,Manchester United,QPR,2,1,H,1,0,H
E0,1995-12-30,Nottingham Forest,Middlesbrough,1,0,H,1,0,H
E0,1996-01-01,Coventry,Southampton,1,1,D,0,0,D
E0,1996-01-01,Leeds,Blackburn,0,0,D,0,0,D
E0,1996-01-01,Liverpool,Nottingham Forest,4,2,H,2,2,D
E0,1996-01-01,Manchester City,West Ham,2,1,H,1,0,H
E0,1996-01-01,Middlesbrough,Aston Villa,0,2,A,0,2,A
E0,1996-01-01,Sheffield Weds,Bolton,4,2,H,2,0,H
E0,1996-01-01,Tottenham Hotspur,Manchester United,4,1,H,2,1,H
E0,1996-01-01,Wimbledon,Everton,2,3,A,0,3,A
E0,1996-01-02,Newcastle,Arsenal,2,0,H,1,0,H
E0,1996-01-02,QPR,Chelsea,1,2,A,0,0,D
E0,1996-01-13,Bolton,Wimbledon,1,0,H,1,0,H
E0,1996-01-13,Everton,Chelsea,1,1,D,1,1,D
E0,1996-01-13,Leeds,West Ham,2,0,H,1,0,H
E0,1996-01-13,Manchester United,Aston Villa,0,0,D,0,0,D
E0,1996-01-13,Middlesbrough,Arsenal,2,3,A,1,1,D
E0,1996-01-13,Nottingham Forest,Southampton,1,0,H,1,0,H
E0,1996-01-13,QPR,Blackburn,0,1,A,0,0,D
E0,1996-01-13,Sheffield Weds,Liverpool,1,1,D,1,0,H
E0,1996-01-13,Tottenham Hotspur,Manchester City,1,0,H,0,0,D
E0,1996-01-14,Coventry,Newcastle,0,1,A,0,1,A
E0,1996-01-20,Arsenal,Everton,1,2,A,1,0,H
E0,1996-01-20,Blackburn,Sheffield Weds,3,0,H,2,0,H
E0,1996-01-20,Chelsea,Nottingham Forest,1,0,H,0,0,D
E0,1996-01-20,Liverpool,Leeds,5,0,H,1,0,H
E0,1996-01-20,Manchester City,Coventry,1,1,D,0,0,D
E0,1996-01-20,Newcastle,Bolton,2,1,H,2,1,H
E0,1996-01-20,Southampton,Middlesbrough,2,1,H,0,1,A
E0,1996-01-20,Wimbledon,QPR,2,1,H,1,0,H
E0,1996-01-21,Aston Villa,Tottenham Hotspur,2,1,H,1,1,D
E0,1996-01-23,West Ham,Manchester United,0,1,A,0,1,A
E0,1996-01-31,Aston Villa,Liverpool,0,2,A,0,0,D
E0,1996-01-31,Nottingham Forest,Leeds,2,1,H,1,0,H
E0,1996-01-31,Southampton,Manchester City,1,1,D,0,0,D
E0,1996-01-31,West Ham,Coventry,3,2,H,0,0,D
E0,1996-02-03,Arsenal,Coventry,1,1,D,1,1,D
E0,1996-02-03,Aston Villa,Leeds,3,0,H,2,0,H
E0,1996-02-03,Blackburn,Bolton,3,1,H,1,1,D
E0,1996-02-03,Liverpool,Tottenham Hotspur,0,0,D,0,0,D
E0,1996-02-03,Manchester City,QPR,2,0,H,1,0,H
E0,1996-02-03,Newcastle,Sheffield Weds,2,0,H,0,0,D
E0,1996-02-03,Southampton,Everton,2,2,D,0,0,D
E0,1996-02-03,West Ham,Nottingham Forest,1,0,H,1,0,H
E0,1996-02-03,Wimbledon,Manchester United,2,4,A,0,2,A
E0,1996-02-04,Chelsea,Middlesbrough,5,0,H,3,0,H
E0,1996-02-10,Bolton,Aston Villa,0,2,A,0,1,A
E0,1996-02-10,Coventry,Chelsea,1,0,H,1,0,H
E0,1996-02-10,Everton,Manchester City,2,0,H,1,0,H
E0,1996-02-10,Manchester United,Blackburn,1,0,H,1,0,H
E0,1996-02-10,Middlesbrough,Newcastle,1,2,A,1,0,H
E0,1996-02-10,Nottingham Forest,Arsenal,0,1,A,0,0,D
E0,1996-02-10,Sheffield Weds,Wimbledon,2,1,H,0,0,D
E0,1996-02-11,QPR,Liverpool,1,2,A,0,2,A
E0,1996-02-12,Tottenham Hotspur,West Ham,0,1,A,0,1,A
E0,1996-02-17,Chelsea,West Ham,1,2,A,1,0,H
E0,1996-02-17,Middlesbrough,Bolton,1,4,A,1,2,A
E0,1996-02-17,Sheffield Weds,QPR,1,3,A,1,1,D
E0,1996-02-21,Manchester United,Everton,2,0,H,1,0,H
E0,1996-02-21,West Ham,Newcastle,2,0,H,1,0,H
E0,1996-02-24,Blackburn,Liverpool,2,3,A,1,2,A
E0,1996-02-24,Coventry,Middlesbrough,0,0,D,0,0,D
E0,1996-02-24,Everton,Nottingham Forest,3,0,H,0,0,D
E0,1996-02-24,Manchester City,Newcastle,3,3,D,1,1,D
E0,1996-02-24,Southampton,Chelsea,2,3,A,2,2,D
E0,1996-02-24,Tottenham Hotspur,Sheffield Weds,1,0,H,1,0,H
E0,1996-02-24,West Ham,Arsenal,0,1,A,0,1,A
E0,1996-02-24,Wimbledon,Aston Villa,3,3,D,1,1,D
E0,1996-02-25,Bolton,Manchester United,0,6,A,0,2,A
E0,1996-02-28,Aston Villa,Blackburn,2,0,H,0,0,D
E0,1996-03-02,Coventry,West Ham,2,2,D,2,2,D
E0,1996-03-02,Leeds,Bolton,0,1,A,0,1,A
E0,1996-03-02,Manchester City,Blackburn,1,1,D,0,0,D
E0,1996-03-02,Middlesbrough,Everton,0,2,A,0,2,A
E0,1996-03-02,QPR,Arsenal,1,1,D,1,0,H
E0,1996-03-02,Sheffield Weds,Nottingham Forest,1,3,A,0,1,A
E0,1996-03-02,Tottenham Hotspur,Southampton,1,0,H,0,0,D
E0,1996-03-02,Wimbledon,Chelsea,1,1,D,1,1,D
E0,1996-03-03,Liverpool,Aston Villa,3,0,H,3,0,H
E0,1996-03-04,Newcastle,Manchester United,0,1,A,0,0,D
E0,1996-03-05,Arsenal,Manchester City,3,1,H,2,0,H
E0,1996-03-06,Aston Villa,Sheffield Weds,3,2,H,0,1,A
E0,1996-03-06,QPR,Leeds,1,2,A,1,2,A
E0,1996-03-09,Aston Villa,QPR,4,2,H,1,0,H
E0,1996-03-09,Everton,Coventry,2,2,D,2,1,H
E0,1996-03-09,West Ham,Middlesbrough,2,0,H,1,0,H
E0,1996-03-12,Chelsea,Manchester City,1,1,D,1,1,D
E0,1996-03-13,Blackburn,Leeds,1,0,H,0,0,D
E0,1996-03-13,Liverpool,Wimbledon,2,2,D,1,0,H
E0,1996-03-16,Coventry,Bolton,0,2,A,0,0,D
E0,1996-03-16,Liverpool,Chelsea,2,0,H,0,0,D
E0,1996-03-16,Manchester City,Southampton,2,1,H,2,0,H
E0,1996-03-16,Middlesbrough,Nottingham Forest,1,1,D,0,0,D
E0,1996-03-16,QPR,Manchester United,1,1,D,0,0,D
E0,1996-03-16,Sheffield Weds,Aston Villa,2,0,H,0,0,D
E0,1996-03-16,Tottenham Hotspur,Blackburn,2,3,A,0,2,A
E0,1996-03-16,Wimbledon,Arsenal,0,3,A,0,0,D
E0,1996-03-17,Leeds,Everton,2,2,D,2,1,H
E0,1996-03-18,Newcastle,West Ham,3,0,H,1,0,H
E0,1996-03-19,Aston Villa,Middlesbrough,0,0,D,0,0,D
E0,1996-03-20,Bolton,Tottenham Hotspur,2,3,A,0,1,A
E0,1996-03-20,Manchester United,Arsenal,1,0,H,0,0,D
E0,1996-03-20,Southampton,Sheffield Weds,0,1,A,0,1,A
E0,1996-03-23,Arsenal,Newcastle,2,0,H,2,0,H
E0,1996-03-23,Bolton,Sheffield Weds,2,1,H,1,1,D
E0,1996-03-23,Chelsea,QPR,1,1,D,1,1,D
E0,1996-03-23,Everton,Wimbledon,2,4,A,1,1,D
E0,1996-03-23,Nottingham Forest,Liverpool,1,0,H,1,0,H
E0,1996-03-23,West Ham,Manchester City,4,2,H,1,0,H
E0,1996-03-24,Manchester United,Tottenham Hotspur,1,0,H,0,0,D
E0,1996-03-25,Southampton,Coventry,1,0,H,1,0,H
E0,1996-03-30,Blackburn,Everton,0,3,A,0,0,D
E0,1996-03-30,Bolton,Manchester City,1,1,D,0,1,A
E0,1996-03-30,Leeds,Middlesbrough,0,1,A,0,1,A
E0,1996-03-30,QPR,Southampton,3,0,H,1,0,H
E0,1996-03-30,Tottenham Hotspur,Coventry,3,1,H,1,0,H
E0,1996-03-30,Wimbledon,Nottingham Forest,1,0,H,0,0,D
E0,1996-04-03,Leeds,Southampton,1,0,H,0,0,D
E0,1996-04-03,Liverpool,Newcastle,4,3,H,1,2,A
E0,1996-04-05,Middlesbrough,Sheffield Weds,3,1,H,0,0,D
E0,1996-04-06,Arsenal,Leeds,2,1,H,1,0,H
E0,1996-04-06,Chelsea,Aston Villa,1,2,A,1,1,D
E0,1996-04-06,Coventry,Liverpool,1,0,H,1,0,H
E0,1996-04-06,Everton,Bolton,3,0,H,1,0,H
E0,1996-04-06,Manchester City,Manchester United,2,3,A,1,2,A
E0,1996-04-06,Newcastle,QPR,2,1,H,0,0,D
E0,1996-04-06,Nottingham Forest,Tottenham Hotspur,2,1,H,1,0,H
E0,1996-04-06,Southampton,Blackburn,1,0,H,0,0,D
E0,1996-04-06,West Ham,Wimbledon,1,1,D,1,1,D
E0,1996-04-08,Aston Villa,Southampton,3,0,H,0,0,D
E0,1996-04-08,Blackburn,Newcastle,2,1,H,0,0,D
E0,1996-04-08,Bolton,Chelsea,2,1,H,2,1,H
E0,1996-04-08,Leeds,Nottingham Forest,1,3,A,1,2,A
E0,1996-04-08,Liverpool,West Ham,2,0,H,2,0,H
E0,1996-04-08,Manchester United,Coventry,1,0,H,0,0,D
E0,1996-04-08,QPR,Everton,3,1,H,2,0,H
E0,1996-04-08,Sheffield Weds,Arsenal,1,0,H,0,0,D
E0,1996-04-08,Tottenham Hotspur,Middlesbrough,1,1,D,0,0,D
E0,1996-04-08,Wimbledon,Manchester City,3,0,H,1,0,H
E0,1996-04-13,Chelsea,Leeds,4,1,H,3,0,H
E0,1996-04-13,Coventry,QPR,1,0,H,0,0,D
E0,1996-04-13,Manchester City,Sheffield Weds,1,0,H,0,0,D
E0,1996-04-13,Middlesbrough,Wimbledon,1,2,A,1,1,D
E0,1996-04-13,Nottingham Forest,Blackburn,1,5,A,1,3,A
E0,1996-04-13,Southampton,Manchester United,3,1,H,3,0,H
E0,1996-04-13,West Ham,Bolton,1,0,H,1,0,H
E0,1996-04-14,Newcastle,Aston Villa,1,0,H,0,0,D
E0,1996-04-15,Arsenal,Tottenham Hotspur,0,0,D,0,0,D
E0,1996-04-16,Everton,Liverpool,1,1,D,1,0,H
E0,1996-04-17,Aston Villa,West Ham,1,1,D,1,0,H
E0,1996-04-17,Blackburn,Wimbledon,3,2,H,1,1,D
E0,1996-04-17,Manchester United,Leeds,1,0,H,0,0,D
E0,1996-04-17,Newcastle,Southampton,1,0,H,1,0,H
E0,1996-04-17,Nottingham Forest,Coventry,0,0,D,0,0,D
E0,1996-04-17,Sheffield Weds,Chelsea,0,0,D,0,0,D
E0,1996-04-27,Aston Villa,Manchester City,0,1,A,0,0,D
E0,1996-04-27,Blackburn,Arsenal,1,1,D,1,0,H
E0,1996-04-27,Bolton,Southampton,0,1,A,0,1,A
E0,1996-04-27,Liverpool,Middlesbrough,1,0,H,0,0,D
E0,1996-04-27,QPR,West Ham,3,0,H,0,0,D
E0,1996-04-27,Sheffield Weds,Everton,2,5,A,1,3,A
E0,1996-04-27,Tottenham Hotspur,Chelsea,1,1,D,0,1,A
E0,1996-04-27,Wimbledon,Coventry,0,2,A,0,0,D
E0,1996-04-28,Manchester United,Nottingham Forest,5,0,H,2,0,H
E0,1996-04-29,Leeds,Newcastle,0,1,A,0,1,A
E0,1996-05-01,Arsenal,Liverpool,0,0,D,0,0,D
E0,1996-05-02,Leeds,Tottenham Hotspur,1,3,A,1,2,A
E0,1996-05-02,Nottingham Forest,Newcastle,1,1,D,0,1,A
E0,1996-05-04,Arsenal,Bolton,2,1,H,0,0,D
E0,1996-05-04,Chelsea,Blackburn,2,3,A,1,1,D
E0,1996-05-04,Coventry,Leeds,0,0,D,0,0,D
E0,1996-05-04,Everton,Aston Villa,1,0,H,0,0,D
E0,1996-05-04,Manchester City,Liverpool,2,2,D,0,2,A
E0,1996-05-04,Middlesbrough,Manchester United,0,3,A,0,1,A
E0,1996-05-04,Newcastle,Tottenham Hotspur,1,1,D,0,0,D
E0,1996-05-04,Nottingham Forest,QPR,3,0,H,1,0,H
E0,1996-05-04,Southampton,Wimbledon,0,0,D,0,0,D
E0,1996-05-04,West Ham,Sheffield Weds,1,1,D,0,0,D
