Div,Date,HomeTeam,AwayTeam,FTHG,FTAG,FTR,HTHG,HTAG,HTR
E0,1998-08-15,Blackburn,Derby,0,0,D,0,0,D
E0,1998-08-15,Coventry,Chelsea,2,1,H,2,1,H
E0,1998-08-15,Everton,Aston Villa,0,0,D,0,0,D
E0,1998-08-15,Manchester United,Leicester,2,2,D,0,1,A
E0,1998-08-15,Middlesbrough,Leeds,0,0,D,0,0,D
E0,1998-08-15,Newcastle,Charlton,0,0,D,0,0,D
E0,1998-08-15,Sheffield Weds,West Ham,0,1,A,0,0,D
E0,1998-08-15,Wimbledon,Tottenham Hotspur,3,1,H,0,0,D
E0,1998-08-16,Southampton,Liverpool,1,2,A,1,1,D
E0,1998-08-17,Arsenal,Nottingham Forest,2,1,H,0,0,D
E0,1998-08-22,Charlton,Southampton,5,0,H,1,0,H
E0,1998-08-22,Chelsea,Newcastle,1,1,D,1,1,D
E0,1998-08-22,Derby,Wimbledon,0,0,D,0,0,D
E0,1998-08-22,Leicester,Everton,2,0,H,2,0,H
E0,1998-08-22,Liverpool,Arsenal,0,0,D,0,0,D
E0,1998-08-22,Nottingham Forest,Coventry,1,0,H,0,0,D
E0,1998-08-22,Tottenham Hotspur,Sheffield Weds,0,3,A,0,2,A
E0,1998-08-22,West Ham,Manchester United,0,0,D,0,0,D
E0,1998-08-23,Aston Villa,Middlesbrough,3,1,H,1,0,H
E0,1998-08-24,Leeds,Blackburn,1,0,H,1,0,H
E0,1998-08-29,Arsenal,Charlton,0,0,D,0,0,D
E0,1998-08-29,Blackburn,Leicester,1,0,H,1,0,H
E0,1998-08-29,Coventry,West Ham,0,0,D,0,0,D
E0,1998-08-29,Everton,Tottenham Hotspur,0,1,A,0,1,A
E0,1998-08-29,Middlesbrough,Derby,1,1,D,0,1,A
E0,1998-08-29,Sheffield Weds,Aston Villa,0,1,A,0,1,A
E0,1998-08-29,Southampton,Nottingham Forest,1,2,A,0,0,D
E0,1998-08-29,Wimbledon,Leeds,1,1,D,0,0,D
E0,1998-08-30,Newcastle,Liverpool,1,4,A,1,4,A
E0,1998-09-08,Leeds,Southampton,3,0,H,1,0,H
E0,1998-09-08,Nottingham Forest,Everton,0,2,A,0,0,D
E0,1998-09-09,Aston Villa,Newcastle,1,0,H,0,0,D
E0,1998-09-09,Chelsea,Arsenal,0,0,D,0,0,D
E0,1998-09-09,Derby,Sheffield Weds,1,0,H,1,0,H
E0,1998-09-09,Leicester,Middlesbrough,0,1,A,0,1,A
E0,1998-09-09,Liverpool,Coventry,2,0,H,1,0,H
E0,1998-09-09,Manchester United,Charlton,4,1,H,2,1,H
E0,1998-09-09,Tottenham Hotspur,Blackburn,2,1,H,1,1,D
E0,1998-09-09,West Ham,Wimbledon,3,4,A,3,1,H
E0,1998-09-12,Aston Villa,Wimbledon,2,0,H,1,0,H
E0,1998-09-12,Charlton,Derby,1,2,A,0,1,A
E0,1998-09-12,Chelsea,Nottingham Forest,2,1,H,2,0,H
E0,1998-09-12,Everton,Leeds,0,0,D,0,0,D
E0,1998-09-12,Leicester,Arsenal,1,1,D,1,0,H
E0,1998-09-12,Manchester United,Coventry,2,0,H,1,0,H
E0,1998-09-12,Newcastle,Southampton,4,0,H,2,0,H
E0,1998-09-12,Sheffield Weds,Blackburn,3,0,H,2,0,H
E0,1998-09-12,West Ham,Liverpool,2,1,H,1,0,H
E0,1998-09-13,Tottenham Hotspur,Middlesbrough,0,3,A,0,2,A
E0,1998-09-19,Coventry,Newcastle,1,5,A,1,3,A
E0,1998-09-19,Derby,Leicester,2,0,H,1,0,H
E0,1998-09-19,Leeds,Aston Villa,0,0,D,0,0,D
E0,1998-09-19,Liverpool,Charlton,3,3,D,1,1,D
E0,1998-09-19,Middlesbrough,Everton,2,2,D,2,0,H
E0,1998-09-19,Nottingham Forest,West Ham,0,0,D,0,0,D
E0,1998-09-19,Southampton,Tottenham Hotspur,1,1,D,0,1,A
E0,1998-09-19,Wimbledon,Sheffield Weds,2,1,H,1,0,H
E0,1998-09-20,Arsenal,Manchester United,3,0,H,2,0,H
E0,1998-09-21,Blackburn,Chelsea,3,4,A,1,1,D
E0,1998-09-24,Manchester United,Liverpool,2,0,H,1,0,H
E0,1998-09-26,Aston Villa,Derby,1,0,H,1,0,H
E0,1998-09-26,Charlton,Coventry,1,1,D,0,0,D
E0,1998-09-26,Chelsea,Middlesbrough,2,0,H,0,0,D
E0,1998-09-26,Everton,Blackburn,0,0,D,0,0,D
E0,1998-09-26,Newcastle,Nottingham Forest,2,0,H,1,0,H
E0,1998-09-26,Sheffield Weds,Arsenal,1,0,H,0,0,D
E0,1998-09-26,Tottenham Hotspur,Leeds,3,3,D,1,2,A
E0,1998-09-27,Leicester,Wimbledon,1,1,D,0,0,D
E0,1998-09-28,West Ham,Southampton,1,0,H,0,0,D
E0,1998-10-03,Blackburn,West Ham,3,0,H,1,0,H
E0,1998-10-03,Coventry,Aston Villa,1,2,A,0,2,A
E0,1998-10-03,Derby,Tottenham Hotspur,0,1,A,0,0,D
E0,1998-10-03,Leeds,Leicester,0,1,A,0,0,D
E0,1998-10-03,Middlesbrough,Sheffield Weds,4,0,H,2,0,H
E0,1998-10-03,Nottingham Forest,Charlton,0,1,A,0,1,A
E0,1998-10-03,Southampton,Manchester United,0,3,A,0,1,A
E0,1998-10-03,Wimbledon,Everton,1,2,A,1,1,D
E0,1998-10-04,Arsenal,Newcastle,3,0,H,2,0,H
E0,1998-10-04,Liverpool,Chelsea,1,1,D,0,1,A
E0,1998-10-17,Arsenal,Southampton,1,1,D,1,0,H
E0,1998-10-17,Chelsea,Charlton,2,1,H,1,0,H
E0,1998-10-17,Everton,Liverpool,0,0,D,0,0,D
E0,1998-10-17,Manchester United,Wimbledon,5,1,H,2,1,H
E0,1998-10-17,Middlesbrough,Blackburn,2,1,H,0,0,D
E0,1998-10-17,Newcastle,Derby,2,1,H,2,0,H
E0,1998-10-17,Nottingham Forest,Leeds,1,1,D,0,0,D
E0,1998-10-17,West Ham,Aston Villa,0,0,D,0,0,D
E0,1998-10-18,Coventry,Sheffield Weds,1,0,H,0,0,D
E0,1998-10-19,Leicester,Tottenham Hotspur,2,1,H,1,1,D
E0,1998-10-24,Aston Villa,Leicester,1,1,D,0,1,A
E0,1998-10-24,Charlton,West Ham,4,2,H,1,2,A
E0,1998-10-24,Derby,Manchester United,1,1,D,0,0,D
E0,1998-10-24,Liverpool,Nottingham Forest,5,1,H,3,1,H
E0,1998-10-24,Sheffield Weds,Everton,0,0,D,0,0,D
E0,1998-10-24,Southampton,Coventry,2,1,H,2,0,H
E0,1998-10-24,Tottenham Hotspur,Newcastle,2,0,H,1,0,H
E0,1998-10-24,Wimbledon,Middlesbrough,2,2,D,1,2,A
E0,1998-10-25,Blackburn,Arsenal,1,2,A,0,2,A
E0,1998-10-25,Leeds,Chelsea,0,0,D,0,0,D
E0,1998-10-31,Coventry,Arsenal,0,1,A,0,0,D
E0,1998-10-31,Derby,Leeds,2,2,D,1,2,A
E0,1998-10-31,Everton,Manchester United,1,4,A,1,2,A
E0,1998-10-31,Leicester,Liverpool,1,0,H,0,0,D
E0,1998-10-31,Newcastle,West Ham,0,3,A,0,0,D
E0,1998-10-31,Sheffield Weds,Southampton,0,0,D,0,0,D
E0,1998-10-31,Wimbledon,Blackburn,1,1,D,0,0,D
E0,1998-11-01,Middlesbrough,Nottingham Forest,1,1,D,1,0,H
E0,1998-11-02,Tottenham Hotspur,Charlton,2,2,D,0,1,A
E0,1998-11-07,Aston Villa,Tottenham Hotspur,3,2,H,2,0,H
E0,1998-11-07,Blackburn,Coventry,1,2,A,0,0,D
E0,1998-11-07,Charlton,Leicester,0,0,D,0,0,D
E0,1998-11-07,Liverpool,Derby,1,2,A,0,2,A
E0,1998-11-07,Nottingham Forest,Wimbledon,0,1,A,0,1,A
E0,1998-11-07,Southampton,Middlesbrough,3,3,D,0,0,D
E0,1998-11-08,Arsenal,Everton,1,0,H,1,0,H
E0,1998-11-08,Leeds,Sheffield Weds,2,1,H,1,1,D
E0,1998-11-08,Manchester United,Newcastle,0,0,D,0,0,D
E0,1998-11-08,West Ham,Chelsea,1,1,D,1,0,H
E0,1998-11-14,Arsenal,Tottenham Hotspur,0,0,D,0,0,D
E0,1998-11-14,Charlton,Middlesbrough,1,1,D,1,0,H
E0,1998-11-14,Chelsea,Wimbledon,3,0,H,1,0,H
E0,1998-11-14,Liverpool,Leeds,1,3,A,0,0,D
E0,1998-11-14,Manchester United,Blackburn,3,2,H,2,0,H
E0,1998-11-14,Newcastle,Sheffield Weds,1,1,D,1,0,H
E0,1998-11-14,Southampton,Aston Villa,1,4,A,0,1,A
E0,1998-11-14,West Ham,Leicester,3,2,H,1,1,D
E0,1998-11-15,Coventry,Everton,3,0,H,1,0,H
E0,1998-11-16,Nottingham Forest,Derby,2,2,D,0,0,D
E0,1998-11-21,Aston Villa,Liverpool,2,4,A,0,2,A
E0,1998-11-21,Blackburn,Southampton,0,2,A,0,1,A
E0,1998-11-21,Leeds,Charlton,4,1,H,1,0,H
E0,1998-11-21,Leicester,Chelsea,2,4,A,1,2,A
E0,1998-11-21,Middlesbrough,Coventry,2,0,H,0,0,D
E0,1998-11-21,Sheffield Weds,Manchester United,3,1,H,1,1,D
E0,1998-11-21,Tottenham Hotspur,Nottingham Forest,2,0,H,0,0,D
E0,1998-11-21,Wimbledon,Arsenal,1,0,H,0,0,D
E0,1998-11-22,Derby,West Ham,0,2,A,0,1,A
E0,1998-11-23,Everton,Newcastle,1,0,H,1,0,H
E0,1998-11-28,Charlton,Everton,1,2,A,0,1,A
E0,1998-11-28,Chelsea,Sheffield Weds,1,1,D,1,0,H
E0,1998-11-28,Coventry,Leicester,1,1,D,0,0,D
E0,1998-11-28,Newcastle,Wimbledon,3,1,H,1,1,D
E0,1998-11-28,Nottingham Forest,Aston Villa,2,2,D,2,0,H
E0,1998-11-28,Southampton,Derby,0,1,A,0,1,A
E0,1998-11-28,West Ham,Tottenham Hotspur,2,1,H,1,0,H
E0,1998-11-29,Arsenal,Middlesbrough,1,1,D,0,1,A
E0,1998-11-29,Liverpool,Blackburn,2,0,H,2,0,H
E0,1998-11-29,Manchester United,Leeds,3,2,H,1,1,D
E0,1998-12-05,Aston Villa,Manchester United,1,1,D,0,0,D
E0,1998-12-05,Blackburn,Charlton,1,0,H,0,0,D
E0,1998-12-05,Derby,Arsenal,0,0,D,0,0,D
E0,1998-12-05,Everton,Chelsea,0,0,D,0,0,D
E0,1998-12-05,Leeds,West Ham,4,0,H,1,0,H
E0,1998-12-05,Leicester,Southampton,2,0,H,0,0,D
E0,1998-12-05,Tottenham Hotspur,Liverpool,2,1,H,1,0,H
E0,1998-12-05,Wimbledon,Coventry,2,1,H,0,0,D
E0,1998-12-06,Middlesbrough,Newcastle,2,2,D,1,1,D
E0,1998-12-07,Sheffield Weds,Nottingham Forest,3,2,H,1,0,H
E0,1998-12-09,Chelsea,Aston Villa,2,1,H,1,1,D
E0,1998-12-12,Blackburn,Newcastle,0,0,D,0,0,D
E0,1998-12-12,Derby,Chelsea,2,2,D,1,0,H
E0,1998-12-12,Everton,Southampton,1,0,H,1,0,H
E0,1998-12-12,Leicester,Nottingham Forest,3,1,H,1,1,D
E0,1998-12-12,Middlesbrough,West Ham,1,0,H,1,0,H
E0,1998-12-12,Sheffield Weds,Charlton,3,0,H,1,0,H
E0,1998-12-12,Tottenham Hotspur,Manchester United,2,2,D,0,2,A
E0,1998-12-13,Aston Villa,Arsenal,3,2,H,0,2,A
E0,1998-12-13,Wimbledon,Liverpool,1,0,H,0,0,D
E0,1998-12-14,Leeds,Coventry,2,0,H,1,0,H
E0,1998-12-16,Manchester United,Chelsea,1,1,D,1,0,H
E0,1998-12-19,Chelsea,Tottenham Hotspur,2,0,H,0,0,D
E0,1998-12-19,Coventry,Derby,1,1,D,1,0,H
E0,1998-12-19,Liverpool,Sheffield Weds,2,0,H,2,0,H
E0,1998-12-19,Manchester United,Middlesbrough,2,3,A,0,2,A
E0,1998-12-19,Newcastle,Leicester,1,0,H,0,0,D
E0,1998-12-19,Nottingham Forest,Blackburn,2,2,D,2,0,H
E0,1998-12-19,Southampton,Wimbledon,3,1,H,1,0,H
E0,1998-12-19,West Ham,Everton,2,1,H,1,0,H
E0,1998-12-20,Arsenal,Leeds,3,1,H,1,0,H
E0,1998-12-21,Charlton,Aston Villa,0,1,A,0,1,A
E0,1998-12-26,Arsenal,West Ham,1,0,H,1,0,H
E0,1998-12-26,Blackburn,Aston Villa,2,1,H,1,0,H
E0,1998-12-26,Coventry,Tottenham Hotspur,1,1,D,0,1,A
E0,1998-12-26,Everton,Derby,0,0,D,0,0,D
E0,1998-12-26,Manchester United,Nottingham Forest,3,0,H,1,0,H
E0,1998-12-26,Middlesbrough,Liverpool,1,3,A,1,2,A
E0,1998-12-26,Newcastle,Leeds,0,3,A,0,1,A
E0,1998-12-26,Sheffield Weds,Leicester,0,1,A,0,1,A
E0,1998-12-26,Southampton,Chelsea,0,2,A,0,1,A
E0,1998-12-26,Wimbledon,Charlton,2,1,H,1,1,D
E0,1998-12-28,Aston Villa,Sheffield Weds,2,1,H,1,1,D
E0,1998-12-28,Charlton,Arsenal,0,1,A,0,0,D
E0,1998-12-28,Derby,Middlesbrough,2,1,H,1,0,H
E0,1998-12-28,Leicester,Blackburn,1,1,D,1,1,D
E0,1998-12-28,Liverpool,Newcastle,4,2,H,0,1,A
E0,1998-12-28,Nottingham Forest,Southampton,1,1,D,0,0,D
E0,1998-12-28,Tottenham Hotspur,Everton,4,1,H,1,1,D
E0,1998-12-28,West Ham,Coventry,2,0,H,1,0,H
E0,1998-12-29,Chelsea,Manchester United,0,0,D,0,0,D
E0,1998-12-29,Leeds,Wimbledon,2,2,D,1,1,D
E0,1999-01-09,Arsenal,Liverpool,0,0,D,0,0,D
E0,1999-01-09,Blackburn,Leeds,1,0,H,1,0,H
E0,1999-01-09,Coventry,Nottingham Forest,4,0,H,1,0,H
E0,1999-01-09,Everton,Leicester,0,0,D,0,0,D
E0,1999-01-09,Middlesbrough,Aston Villa,0,0,D,0,0,D
E0,1999-01-09,Newcastle,Chelsea,0,1,A,0,1,A
E0,1999-01-09,Sheffield Weds,Tottenham Hotspur,0,0,D,0,0,D
E0,1999-01-09,Southampton,Charlton,3,1,H,1,1,D
E0,1999-01-09,Wimbledon,Derby,2,1,H,1,0,H
E0,1999-01-10,Manchester United,West Ham,4,1,H,2,0,H
E0,1999-01-16,Chelsea,Coventry,2,1,H,1,1,D
E0,1999-01-16,Derby,Blackburn,1,0,H,0,0,D
E0,1999-01-16,Leeds,Middlesbrough,2,0,H,2,0,H
E0,1999-01-16,Leicester,Manchester United,2,6,A,1,1,D
E0,1999-01-16,Liverpool,Southampton,7,1,H,3,0,H
E0,1999-01-16,Nottingham Forest,Arsenal,0,1,A,0,1,A
E0,1999-01-16,Tottenham Hotspur,Wimbledon,0,0,D,0,0,D
E0,1999-01-16,West Ham,Sheffield Weds,0,4,A,0,2,A
E0,1999-01-17,Charlton,Newcastle,2,2,D,0,1,A
E0,1999-01-18,Aston Villa,Everton,3,0,H,1,0,H
E0,1999-01-30,Blackburn,Tottenham Hotspur,1,1,D,1,0,H
E0,1999-01-30,Coventry,Liverpool,2,1,H,0,0,D
E0,1999-01-30,Everton,Nottingham Forest,0,1,A,0,0,D
E0,1999-01-30,Middlesbrough,Leicester,0,0,D,0,0,D
E0,1999-01-30,Newcastle,Aston Villa,2,1,H,2,0,H
E0,1999-01-30,Sheffield Weds,Derby,0,1,A,0,0,D
E0,1999-01-30,Southampton,Leeds,3,0,H,1,0,H
E0,1999-01-30,Wimbledon,West Ham,0,0,D,0,0,D
E0,1999-01-31,Arsenal,Chelsea,1,0,H,1,0,H
E0,1999-01-31,Charlton,Manchester United,0,1,A,0,0,D
E0,1999-02-02,Manchester United,Derby,1,0,H,0,0,D
E0,1999-02-06,Aston Villa,Blackburn,1,3,A,0,1,A
E0,1999-02-06,Chelsea,Southampton,1,0,H,1,0,H
E0,1999-02-06,Leeds,Newcastle,0,1,A,0,0,D
E0,1999-02-06,Leicester,Sheffield Weds,0,2,A,0,0,D
E0,1999-02-06,Liverpool,Middlesbrough,3,1,H,3,0,H
E0,1999-02-06,Nottingham Forest,Manchester United,1,8,A,1,2,A
E0,1999-02-06,Tottenham Hotspur,Coventry,0,0,D,0,0,D
E0,1999-02-06,West Ham,Arsenal,0,4,A,0,2,A
E0,1999-02-07,Derby,Everton,2,1,H,0,1,A
E0,1999-02-08,Charlton,Wimbledon,2,0,H,1,0,H
E0,1999-02-13,Charlton,Liverpool,1,0,H,0,0,D
E0,1999-02-13,West Ham,Nottingham Forest,2,1,H,2,0,H
E0,1999-02-17,Aston Villa,Leeds,1,2,A,0,2,A
E0,1999-02-17,Chelsea,Blackburn,1,1,D,1,0,H
E0,1999-02-17,Everton,Middlesbrough,5,0,H,2,0,H
E0,1999-02-17,Manchester United,Arsenal,1,1,D,0,0,D
E0,1999-02-17,Newcastle,Coventry,4,1,H,1,1,D
E0,1999-02-20,Arsenal,Leicester,5,0,H,4,0,H
E0,1999-02-20,Blackburn,Sheffield Weds,1,4,A,0,3,A
E0,1999-02-20,Coventry,Manchester United,0,1,A,0,0,D
E0,1999-02-20,Derby,Charlton,0,2,A,0,0,D
E0,1999-02-20,Leeds,Everton,1,0,H,0,0,D
E0,1999-02-20,Liverpool,West Ham,2,2,D,2,1,H
E0,1999-02-20,Middlesbrough,Tottenham Hotspur,0,0,D,0,0,D
E0,1999-02-20,Nottingham Forest,Chelsea,1,3,A,1,2,A
E0,1999-02-20,Southampton,Newcastle,2,1,H,2,0,H
E0,1999-02-21,Wimbledon,Aston Villa,0,0,D,0,0,D
E0,1999-02-27,Aston Villa,Coventry,1,4,A,0,1,A
E0,1999-02-27,Charlton,Nottingham Forest,0,0,D,0,0,D
E0,1999-02-27,Chelsea,Liverpool,2,1,H,2,0,H
E0,1999-02-27,Everton,Wimbledon,1,1,D,0,1,A
E0,1999-02-27,Manchester United,Southampton,2,1,H,0,0,D
E0,1999-02-27,Sheffield Weds,Middlesbrough,3,1,H,1,0,H
E0,1999-02-27,Tottenham Hotspur,Derby,1,1,D,0,0,D
E0,1999-02-27,West Ham,Blackburn,2,0,H,2,0,H
E0,1999-02-28,Newcastle,Arsenal,1,1,D,0,1,A
E0,1999-03-01,Leicester,Leeds,1,2,A,0,1,A
E0,1999-03-02,Tottenham Hotspur,Southampton,3,0,H,1,0,H
E0,1999-03-03,Sheffield Weds,Wimbledon,1,2,A,0,2,A
E0,1999-03-06,Coventry,Charlton,2,1,H,0,0,D
E0,1999-03-06,Southampton,West Ham,1,0,H,1,0,H
E0,1999-03-06,Wimbledon,Leicester,0,1,A,0,1,A
E0,1999-03-09,Arsenal,Sheffield Weds,3,0,H,0,0,D
E0,1999-03-10,Blackburn,Everton,1,2,A,1,1,D
E0,1999-03-10,Derby,Aston Villa,2,1,H,2,1,H
E0,1999-03-10,Leeds,Tottenham Hotspur,2,0,H,1,0,H
E0,1999-03-10,Nottingham Forest,Newcastle,1,2,A,1,1,D
E0,1999-03-13,Chelsea,West Ham,0,1,A,0,0,D
E0,1999-03-13,Coventry,Blackburn,1,1,D,1,0,H
E0,1999-03-13,Derby,Liverpool,3,2,H,2,1,H
E0,1999-03-13,Everton,Arsenal,0,2,A,0,1,A
E0,1999-03-13,Leicester,Charlton,1,1,D,0,0,D
E0,1999-03-13,Newcastle,Manchester United,1,2,A,1,1,D
E0,1999-03-13,Sheffield Weds,Leeds,0,2,A,0,1,A
E0,1999-03-13,Tottenham Hotspur,Aston Villa,1,0,H,0,0,D
E0,1999-03-13,Wimbledon,Nottingham Forest,1,3,A,0,1,A
E0,1999-03-14,Middlesbrough,Southampton,3,0,H,2,0,H
E0,1999-03-20,Arsenal,Coventry,2,0,H,1,0,H
E0,1999-03-20,Blackburn,Wimbledon,3,1,H,3,0,H
E0,1999-03-20,Leeds,Derby,4,1,H,3,1,H
E0,1999-03-20,Nottingham Forest,Middlesbrough,1,2,A,1,1,D
E0,1999-03-20,Southampton,Sheffield Weds,1,0,H,1,0,H
E0,1999-03-20,West Ham,Newcastle,2,0,H,1,0,H
E0,1999-03-21,Aston Villa,Chelsea,0,3,A,0,0,D
E0,1999-03-21,Manchester United,Everton,3,1,H,0,0,D
E0,1999-04-02,Aston Villa,West Ham,0,0,D,0,0,D
E0,1999-04-03,Blackburn,Middlesbrough,0,0,D,0,0,D
E0,1999-04-03,Charlton,Chelsea,0,1,A,0,1,A
E0,1999-04-03,Derby,Newcastle,3,4,A,2,3,A
E0,1999-04-03,Leeds,Nottingham Forest,3,1,H,1,0,H
E0,1999-04-03,Liverpool,Everton,3,2,H,2,1,H
E0,1999-04-03,Sheffield Weds,Coventry,1,2,A,0,1,A
E0,1999-04-03,Southampton,Arsenal,0,0,D,0,0,D
E0,1999-04-03,Tottenham Hotspur,Leicester,0,2,A,0,1,A
E0,1999-04-03,Wimbledon,Manchester United,1,1,D,1,1,D
E0,1999-04-05,Coventry,Southampton,1,0,H,0,0,D
E0,1999-04-05,Everton,Sheffield Weds,1,2,A,1,0,H
E0,1999-04-05,Middlesbrough,Wimbledon,3,1,H,3,0,H
E0,1999-04-05,Newcastle,Tottenham Hotspur,1,1,D,0,0,D
E0,1999-04-05,Nottingham Forest,Liverpool,2,2,D,0,1,A
E0,1999-04-05,West Ham,Charlton,0,1,A,0,0,D
E0,1999-04-06,Arsenal,Blackburn,1,0,H,1,0,H
E0,1999-04-06,Leicester,Aston Villa,2,2,D,0,1,A
E0,1999-04-10,Aston Villa,Southampton,3,0,H,1,0,H
E0,1999-04-10,Derby,Nottingham Forest,1,0,H,0,0,D
E0,1999-04-10,Leicester,West Ham,0,0,D,0,0,D
E0,1999-04-10,Middlesbrough,Charlton,2,0,H,1,0,H
E0,1999-04-11,Everton,Coventry,2,0,H,1,0,H
E0,1999-04-11,Wimbledon,Chelsea,1,2,A,0,1,A
E0,1999-04-12,Leeds,Liverpool,0,0,D,0,0,D
E0,1999-04-14,Middlesbrough,Chelsea,0,0,D,0,0,D
E0,1999-04-17,Charlton,Leeds,1,1,D,1,1,D
E0,1999-04-17,Coventry,Middlesbrough,1,2,A,0,0,D
E0,1999-04-17,Liverpool,Aston Villa,0,1,A,0,1,A
E0,1999-04-17,Manchester United,Sheffield Weds,3,0,H,2,0,H
E0,1999-04-17,Newcastle,Everton,1,3,A,0,2,A
E0,1999-04-17,Nottingham Forest,Tottenham Hotspur,0,1,A,0,0,D
E0,1999-04-17,Southampton,Blackburn,3,3,D,1,2,A
E0,1999-04-17,West Ham,Derby,5,1,H,2,0,H
E0,1999-04-18,Chelsea,Leicester,2,2,D,1,0,H
E0,1999-04-19,Arsenal,Wimbledon,5,1,H,1,0,H
E0,1999-04-20,Charlton,Tottenham Hotspur,1,4,A,1,0,H
E0,1999-04-21,Liverpool,Leicester,0,1,A,0,0,D
E0,1999-04-21,Sheffield Weds,Newcastle,1,1,D,0,1,A
E0,1999-04-24,Aston Villa,Nottingham Forest,2,0,H,1,0,H
E0,1999-04-24,Blackburn,Liverpool,1,3,A,0,3,A
E0,1999-04-24,Derby,Southampton,0,0,D,0,0,D
E0,1999-04-24,Everton,Charlton,4,1,H,2,0,H
E0,1999-04-24,Leicester,Coventry,1,0,H,1,0,H
E0,1999-04-24,Middlesbrough,Arsenal,1,6,A,0,3,A
E0,1999-04-24,Tottenham Hotspur,West Ham,1,2,A,0,1,A
E0,1999-04-24,Wimbledon,Newcastle,1,1,D,1,1,D
E0,1999-04-25,Leeds,Manchester United,1,1,D,1,0,H
E0,1999-04-25,Sheffield Weds,Chelsea,0,0,D,0,0,D
E0,1999-05-01,Charlton,Blackburn,0,0,D,0,0,D
E0,1999-05-01,Chelsea,Everton,3,1,H,1,0,H
E0,1999-05-01,Coventry,Wimbledon,2,1,H,2,0,H
E0,1999-05-01,Liverpool,Tottenham Hotspur,3,2,H,0,2,A
E0,1999-05-01,Manchester United,Aston Villa,2,1,H,1,1,D
E0,1999-05-01,Newcastle,Middlesbrough,1,1,D,0,0,D
E0,1999-05-01,Nottingham Forest,Sheffield Weds,2,0,H,2,0,H
E0,1999-05-01,Southampton,Leicester,2,1,H,1,1,D
E0,1999-05-01,West Ham,Leeds,1,5,A,0,2,A
E0,1999-05-02,Arsenal,Derby,1,0,H,1,0,H
E0,1999-05-05,Chelsea,Leeds,1,0,H,0,0,D
E0,1999-05-05,Leicester,Derby,1,2,A,1,1,D
E0,1999-05-05,Liverpool,Manchester United,2,2,D,0,1,A
E0,1999-05-05,Tottenham Hotspur,Arsenal,1,3,A,1,2,A
E0,1999-05-08,Aston Villa,Charlton,3,4,A,1,1,D
E0,1999-05-08,Blackburn,Nottingham Forest,1,2,A,1,1,D
E0,1999-05-08,Derby,Coventry,0,0,D,0,0,D
E0,1999-05-08,Everton,West Ham,6,0,H,3,0,H
E0,1999-05-08,Leicester,Newcastle,2,0,H,2,0,H
E0,1999-05-08,Sheffield Weds,Liverpool,1,0,H,0,0,D
E0,1999-05-08,Wimbledon,Southampton,0,2,A,0,0,D
E0,1999-05-09,Middlesbrough,Manchester United,0,1,A,0,1,A
E0,1999-05-10,Tottenham Hotspur,Chelsea,2,2,D,1,1,D
E0,1999-05-11,Leeds,Arsenal,1,0,H,0,0,D
E0,1999-05-12,Blackburn,Manchester United,0,0,D,0,0,D
E0,1999-05-16,Arsenal,Aston Villa,1,0,H,0,0,D
E0,1999-05-16,Charlton,Sheffield Weds,0,1,A,0,0,D
E0,1999-05-16,Chelsea,Derby,2,1,H,1,0,H
E0,1999-05-16,Coventry,Leeds,2,2,D,0,1,A
E0,1999-05-16,Liverpool,Wimbledon,3,0,H,1,0,H
E0,1999-05-16,Manchester United,Tottenham Hotspur,2,1,H,1,1,D
E0,1999-05-16,Newcastle,Blackburn,1,1,D,0,1,A
E0,1999-05-16,Nottingham Forest,Leicester,1,0,H,0,0,D
E0,1999-05-16,Southampton,Everton,2,0,H,1,0,H
E0,1999-05-16,West Ham,Middlesbrough,4,0,H,2,0,H
