Name,HomeTeam
Anfield,Liverpool
Emirates Stadium,Arsenal
Molineux Stadium,Wolves
Villa Park,Aston Villa
Old Trafford,Manchester United
Turf Moor,Burnley
Carrow Road,Norwich
Swansea Stadium,Swansea
London Stadium,West Ham
Ewood Park,Blackburn
Selhurst Park Stadium,Crystal Palace
The Hawthorns,West Brom
Eithad Stadium,Manchester City
Gtech Community Stadium,Brentford
Oakwell Stadium,Barnsley
MATRADE Loftus Road Stadium,QPR
Everton Stadium,Everton
The Brick Community Stadium,Wigan
Stamford Bridge,Chelsea
Pride Park Stadium,Derby
Dean Court,Bournemouth
Elland Road,Leeds
Bramall Lane,Sheffield United
Coventry Building Society Arena,Coventry
Toughsheet Community Stadium,Bolton
bet365 Stadium,Stoke
Craven Cottage,Fulham
Hillsborough Stadium,Sheffield Weds
Falmer Stadium,Brighton
Tottenham Hotspur Stadium,Tottenham Hotspur
St Mary's Stadium,Southampton
Stadium of Light,Sunderland
King Power Stadium,Leicester
St. James Park,Newcastle
MKM Stadium,Hull
St. Andrews at Knightshead Park,Birmingham
City Ground,Nottingham Forest
Vicarage Road,Watford
Fratton Park,Portsmouth
Cherry Red Records Stadium,Wimbledon
Cardiff City Stadium,Cardiff
Bloomfield Road,Blackpool
Riverside Stadium,Middlesbrough
The Valley,Charlton
Kirklees Stadium,Huddersfield
Select Car Leasing Stadium,Reading
Valley Parade,Bradford
Portman Road,Ipswich
Boundary Park,Oldham
County Ground,Swindon
Kenilworth Road,Luton